text,aku_text_id,aku_url,n_signs,genre,textinhalt_raw,datierung,epoche,date_start,date_end,date_mid,register,notes
"Brooklyn (NY), The Brooklyn Museum, 47.218.84",111740,https://aku-pal.uni-mainz.de/texts/111740,1914,Mythologischer Text,Mythologischer Text,"Spätzeit, 26. Dynastie, Psammetich I.",Spätzeit,-664,-610,-637,,
"New York City, Metropolitan Museum of Art, 22.3.516",5000016,https://aku-pal.uni-mainz.de/texts/5000016,1455,Brief,Brief (an einen Lebenden),"Mittleres Reich, 12. Dynastie, Sesostris I.",Mittleres Reich,-1956,-1911,-1934,,
"New York City, Metropolitan Museum of Art, 22.3.517",5000017,https://aku-pal.uni-mainz.de/texts/5000017,1312,Brief,Brief (an einen Lebenden),"Mittleres Reich, 12. Dynastie, Sesostris I.",Mittleres Reich,-1956,-1911,-1934,,
"Berlin, Ägyptisches Museum und Papyrussammlung, P. 3057",130723,https://aku-pal.uni-mainz.de/texts/130723,1197,Verklärungen,Verklärungen,"Griechisch-römische Zeit, Argeaden („Makedonierzeit“), Alexander der Große – Griechisch-römische Zeit, Ptolemäerzeit",Griechisch-römische Zeit,-332,-30,-181,,
"London, British Museum, EA 9999",381231,https://aku-pal.uni-mainz.de/texts/381231,1138,Tempelbezogene Texte,Tempelbezogene Texte,"Neues Reich, 20. Dynastie",Neues Reich,-1186,-1069,-1128,,
"Brooklyn (NY), The Brooklyn Museum, 47.218.3",56305,https://aku-pal.uni-mainz.de/texts/56305,943,Petition,Petition,"Spätzeit, 26. Dynastie, Psammetich I., Regierungsjahr 14, Monat 1, Jahreszeit šm.w, Tag 5",Spätzeit,-651,-650,-650,,
"Paris, Bibliothèque Nationale de France, Egyptien 183",5000080,https://aku-pal.uni-mainz.de/texts/5000080,841,Lehre,Lehre (Kagemni),"Mittleres Reich, 12. Dynastie",Mittleres Reich,-1985,-1773,-1879,,
"London, British Museum, EA 10735",380868,https://aku-pal.uni-mainz.de/texts/380868,695,Rechnung,Rechnung,"Altes Reich, 5. Dynastie, Niuserre – Altes Reich, 6. Dynastie, Pepi II.",Altes Reich,-2445,-2184,-2314,,
"Leipzig, Bibliotheca Albertina, Papyrus- und Ostrakasammlung, P. Ebers",5000268,https://aku-pal.uni-mainz.de/texts/5000268,599,Medizinischer Text,Medizinischer Text,"Neues Reich, 18. Dynastie, Amenhotep I., Regierungsjahr 9",Neues Reich,-1517,-1516,-1516,,
"Berlin, Ägyptisches Museum und Papyrussammlung, P. 3022 New York City, Pierpont Morgan Library, Amh. Egy. Pap. 4",5000036,https://aku-pal.uni-mainz.de/texts/5000036,560,Erzählung,Erzählung (Die Geschichte des Sinuhe),"Mittleres Reich, 12. Dynastie, Amenemhet III.",Mittleres Reich,-1831,-1786,-1808,,
"Brüssel, Musées Royaux d’Art et d’Histoire, E 3208 Kairo, Institut français d’archéologie orientale, 2509 + 2510",5001044,https://aku-pal.uni-mainz.de/texts/5001044,559,Kemit,Kemit,"Neues Reich, 20. Dynastie, Ramses III.",Neues Reich,-1184,-1153,-1168,,
"Oxford, Ashmolean Museum, ANAsh.Mus.H.O.1191",5001250,https://aku-pal.uni-mainz.de/texts/5001250,524,Kemit,Kemit,"Neues Reich, 19. Dynastie, Merenptah – Neues Reich, 19. Dynastie, Tausret",Neues Reich,-1213,-1186,-1200,,
"London, British Museum, EA 10221",381251,https://aku-pal.uni-mainz.de/texts/381251,434,Gerichtsurkunde/Zeugenaussage,Gerichtsurkunde/Zeugenaussage,"Neues Reich, 20. Dynastie, Ramses IX., Regierungsjahr 16",Neues Reich,-1111,-1110,-1110,,
"London, British Museum, EA 10490",134518,https://aku-pal.uni-mainz.de/texts/134518,416,Totenbuch,Totenbuch,"Dritte Zwischenzeit, 21. Dynastie, Psusennes I.",Dritte Zwischenzeit,-1039,-991,-1015,,
"London, British Museum, EA 5646 ro",5000234,https://aku-pal.uni-mainz.de/texts/5000234,399,Hymnus im Götterkult,Hymnus im Götterkult (Hymnus an Thot),"Neues Reich, 18. Dynastie",Neues Reich,-1550,-1295,-1422,,
"Moskau, State Pushkin Museum of Fine Arts, I, 1б 314",5000007,https://aku-pal.uni-mainz.de/texts/5000007,398,Hymne im Königskult,Hymne im Königskult (Investiturritual),"Zweite Zwischenzeit, 17. Dynastie",Zweite Zwischenzeit,-1580,-1550,-1565,,
"Berlin, Ägyptisches Museum und Papyrussammlung, P. 3033",5000278,https://aku-pal.uni-mainz.de/texts/5000278,372,Erzählung,Erzählung (Westcar),"Zweite Zwischenzeit, 17. Dynastie",Zweite Zwischenzeit,-1580,-1550,-1565,,
"New York City, Metropolitan Museum of Art, 22.3.518",5000018,https://aku-pal.uni-mainz.de/texts/5000018,371,Brief,Brief (an einen Lebenden),"Mittleres Reich, 12. Dynastie, Sesostris I.",Mittleres Reich,-1956,-1911,-1934,,
"London, British Museum, EA 10057 + EA 10058",380851,https://aku-pal.uni-mainz.de/texts/380851,367,Mathematischer Text,Mathematischer Text,"Zweite Zwischenzeit, 15. Dynastie, Apopi, Regierungsjahr 33, Monat 4, Jahreszeit ꜣḫ.t",Zweite Zwischenzeit,-1650,-1550,-1600,,
"Turin, Museo Egizio, CGT 54051",5000059,https://aku-pal.uni-mainz.de/texts/5000059,314,Magischer Text,Magischer Text,"Neues Reich, 20. Dynastie",Neues Reich,-1186,-1069,-1128,,
"London, British Museum, EA 10249",380655,https://aku-pal.uni-mainz.de/texts/380655,309,Literarischer Text,Literarischer Text,"Neues Reich, 19. Dynastie, Sethos II., Regierungsjahr 1",Neues Reich,-1200,-1199,-1200,,
"Kairo, Ägyptisches Museum, CG 58069",5000225,https://aku-pal.uni-mainz.de/texts/5000225,297,Rechnung,Rechnung,"Zweite Zwischenzeit, 13. Dynastie, Chendjer Userkare – Zweite Zwischenzeit, 13. Dynastie, Sobekhotep III.",Zweite Zwischenzeit,-1773,-1650,-1712,,
"Paris, Bibliothèque Nationale de France, Egyptien 186–194",5000314,https://aku-pal.uni-mainz.de/texts/5000314,288,Lehre,Lehre (Ptahhotep),"Mittleres Reich, 12. Dynastie",Mittleres Reich,-1985,-1773,-1879,,
"Paris, Musée du Louvre, E 3226 A + E 3226 B",56807,https://aku-pal.uni-mainz.de/texts/56807,284,Administrativer Text,Administrativer Text,"Neues Reich, 18. Dynastie, Thutmosis III. (Alleinregierung), Regierungsjahr 28 – Neues Reich, 18. Dynastie, Thutmosis III. (Alleinregierung), Regierungsjahr 34",Neues Reich,-1431,-1425,-1428,,
"London, British Museum, EA 10181",381250,https://aku-pal.uni-mainz.de/texts/381250,284,Erzählung,Erzählung (Battle of Kadesh),"Neues Reich, 19. Dynastie",Neues Reich,-1295,-1186,-1240,,
"London, British Museum, EA 10183",381214,https://aku-pal.uni-mainz.de/texts/381214,264,Erzählung,Erzählung (Das Zweibrüdermärchen),"Neues Reich, 19. Dynastie, Amenmesse – Neues Reich, 19. Dynastie, Sethos II.",Neues Reich,-1203,-1194,-1198,,
D. Assiut N13.1 TN33,5000653,https://aku-pal.uni-mainz.de/texts/5000653,264,Besuchertext,Besuchertext (Scribe Men),"Neues Reich, 18. Dynastie",Neues Reich,-1550,-1295,-1422,,
"Berlin, Ägyptisches Museum und Papyrussammlung, P. 3029 [a]",5000116,https://aku-pal.uni-mainz.de/texts/5000116,258,Nicht spezifizierter Königlicher Text,Nicht spezifizierter Königlicher Text (text a),"Neues Reich, 18. Dynastie, Amenhotep II.",Neues Reich,-1427,-1400,-1414,,
"London, British Museum, EA 10185",322164,https://aku-pal.uni-mainz.de/texts/322164,255,Literarischer Text,Literarischer Text,"Neues Reich, 19. Dynastie, Merenptah, Regierungsjahr 10",Neues Reich,-1204,-1203,-1204,,
"Turin, Museo Egizio, CGT 54050",5000051,https://aku-pal.uni-mainz.de/texts/5000051,252,Magischer Text,Magischer Text,"Neues Reich, 20. Dynastie",Neues Reich,-1186,-1069,-1128,,
"London, British Museum, EA 10188 [palimpsest new]",48496,https://aku-pal.uni-mainz.de/texts/48496,232,Ritualtext im Götterkult,"Ritualtext im Götterkult (Songs of Isis und Nephtyhs + Ritual of Bringing in Sokaris + Book of Overthrowing Apep, Names of Apep)","Griechisch-römische Zeit, Argeaden („Makedonierzeit“), Alexander IV., Regierungsjahr 12, Choiak",Griechisch-römische Zeit,-317,-310,-314,,
D. Assiut N13.1 TAW1,5000607,https://aku-pal.uni-mainz.de/texts/5000607,219,Prophezeiung,Prophezeiung (Speech of Neferti),"Neues Reich, 18. Dynastie, Thutmosis III. (Alleinregierung) – Neues Reich, 18. Dynastie, Amenhotep II.",Neues Reich,-1458,-1400,-1429,,
"Leiden, Rijksmuseum van Oudheden, L.I.2",89466,https://aku-pal.uni-mainz.de/texts/89466,210,Buch vom Durchwandern der Ewigkeit,Buch vom Durchwandern der Ewigkeit,"Griechisch-römische Zeit, Iulisch-Claudische Dynastie, Nero, Regierungsjahr 11, Tag 30, Phamenoth",Griechisch-römische Zeit,64,65,64,,
D. Assiut N13.1 TS42,5000643,https://aku-pal.uni-mainz.de/texts/5000643,194,Lehre,"Lehre (Loyalistic, Kairsu)","Neues Reich, 18. Dynastie",Neues Reich,-1550,-1295,-1422,,
"London, British Museum, EA 5635",136355,https://aku-pal.uni-mainz.de/texts/136355,193,Administrativer Text,"Administrativer Text (Duty roster, Deliveries and/or deficits of rations)","Neues Reich, 19. Dynastie, Sethos II. – Neues Reich, 19. Dynastie, Siptah",Neues Reich,-1200,-1188,-1194,,
"Gizeh, Grand Egyptian Museum, 1523",5001169,https://aku-pal.uni-mainz.de/texts/5001169,186,Kemit,Kemit,"Neues Reich, 18. Dynastie",Neues Reich,-1550,-1295,-1422,,
"Berlin, Ägyptisches Museum und Papyrussammlung, P. 3030 A-E",57764,https://aku-pal.uni-mainz.de/texts/57764,180,Buch vom Atmen,Buch vom Atmen,"Griechisch-römische Zeit, Antoninische Dynastie, Hadrian, Regierungsjahr 8",Griechisch-römische Zeit,124,125,124,,
"Atlanta, Michael C. Carlos Museum, 2014.033.001",5000945,https://aku-pal.uni-mainz.de/texts/5000945,175,Totenbrief,Totenbrief,"Erste Zwischenzeit, 9./10. Dynastie – Erste Zwischenzeit, 11. Dynastie (vor der Reichseinigung)",Erste Zwischenzeit,-2160,-2055,-2108,,
"Berlin, Ägyptisches Museum und Papyrussammlung, P. 8869",5000280,https://aku-pal.uni-mainz.de/texts/5000280,168,Brief,Brief (an einen Lebenden),"Altes Reich, 6. Dynastie",Altes Reich,-2345,-2181,-2263,,
"London, British Museum, EA 10610",380893,https://aku-pal.uni-mainz.de/texts/380893,168,nicht spezifiziert,nicht spezifiziert,"Mittleres Reich, 12. Dynastie, Amenemhet III. – Mittleres Reich, 12. Dynastie, Nefrusobek Kasobekre",Mittleres Reich,-1831,-1773,-1802,,
"Berlin, Ägyptisches Museum und Papyrussammlung, P. 3024 New York City, Pierpont Morgan Library, Amh. Egy. Pap. 3",5000037,https://aku-pal.uni-mainz.de/texts/5000037,166,Literarischer Text,Literarischer Text (Der Lebensmüde),"Mittleres Reich, 12. Dynastie, Amenemhet III.",Mittleres Reich,-1831,-1786,-1808,,
"Sankt Petersburg, State Hermitage Museum, ДВ 1116 A vo",5000030,https://aku-pal.uni-mainz.de/texts/5000030,161,Lehre,Lehre (Die Lehre für Merikare),"Neues Reich, 18. Dynastie, Thutmosis IV. – Neues Reich, 18. Dynastie, Amenhotep III.",Neues Reich,-1400,-1352,-1376,,
"Berkeley (CA), University of California - Bancroft Library, P.Hearst 1282",5000006,https://aku-pal.uni-mainz.de/texts/5000006,156,Totenbrief,Totenbrief,"Erste Zwischenzeit, 9./10. Dynastie",Erste Zwischenzeit,-2160,-2025,-2092,,
D. Assiut N13.1 TS35,5000657,https://aku-pal.uni-mainz.de/texts/5000657,152,Anruf,"Anruf (to scribe, priest, and singer)","Neues Reich, 18. Dynastie",Neues Reich,-1550,-1295,-1422,,
"Kairo, Ägyptisches Museum, TR 25/3/52/1_(15+19)",5001168,https://aku-pal.uni-mainz.de/texts/5001168,149,Kemit,Kemit,"Zweite Zwischenzeit, 15. Dynastie – Zweite Zwischenzeit, 17. Dynastie",Zweite Zwischenzeit,-1650,-1550,-1600,,
O. DEM_2020_M25_524,5001141,https://aku-pal.uni-mainz.de/texts/5001141,148,Kemit,Kemit,"Neues Reich, 19. Dynastie – Neues Reich, 20. Dynastie",Neues Reich,-1295,-1069,-1182,,
D. Assiut N13.1 TAS4,5000604,https://aku-pal.uni-mainz.de/texts/5000604,147,Besuchertext,Besuchertext (Scribe Iahmes. Temple of Djefaihapi. Hathor.),"Neues Reich, 18. Dynastie",Neues Reich,-1550,-1295,-1422,,
"Berlin, Ägyptisches Museum und Papyrussammlung, P. 9784",5000083,https://aku-pal.uni-mainz.de/texts/5000083,142,Juristische Urkunde,Juristische Urkunde,"Neues Reich, 18. Dynastie, Amenhotep III., Regierungsjahr 27, Monat 3, Jahreszeit šm.w, Tag 20 – Neues Reich, 18. Dynastie, Amenhotep IV./Echnaton, Regierungsjahr 2, Jahreszeit pr.t, Tag 27",Neues Reich,-1364,-1350,-1357,,
"Edinburgh, National Museums of Scotland, The Royal Museum of Scotland, A 1956.313",57970,https://aku-pal.uni-mainz.de/texts/57970,141,Buch vom Atmen,Buch vom Atmen,"Griechisch-römische Zeit, Iulisch-Claudische Dynastie, Augustus, Regierungsjahr 21, Tag 28, Mesore",Griechisch-römische Zeit,-10,-9,-10,,
"Kairo, Ägyptisches Museum, JE 56842 A/B",5000958,https://aku-pal.uni-mainz.de/texts/5000958,140,Kemit,Kemit,"Neues Reich, 19. Dynastie, Ramses II.",Neues Reich,-1279,-1213,-1246,,
"London, British Museum, EA 50728",136378,https://aku-pal.uni-mainz.de/texts/136378,138,Administrativer Text,Administrativer Text (Deliveries and/or deficits of products (pottery)),"Neues Reich, 19. Dynastie, Sethos I., Regierungsjahr 2 – Neues Reich, 19. Dynastie, Ramses II., Regierungsjahr 2",Neues Reich,-1293,-1277,-1285,,
"Berlin, Ägyptisches Museum und Papyrussammlung, P. 9010",5000326,https://aku-pal.uni-mainz.de/texts/5000326,133,Juristische Urkunde,Juristische Urkunde,"Altes Reich, 6. Dynastie",Altes Reich,-2345,-2181,-2263,,
D. Assiut N13.1 TN43,5000503,https://aku-pal.uni-mainz.de/texts/5000503,133,Historischer Vermerk,Historischer Vermerk (Scribe Khaemwaset),"Neues Reich, 18. Dynastie, Amenhotep III., Jahreszeit pr.t, Tag 10",Neues Reich,-1390,-1352,-1371,,
"Kairo, Ägyptisches Museum, TR 25/3/52/1_(8)",5001167,https://aku-pal.uni-mainz.de/texts/5001167,131,Kemit,Kemit,"Zweite Zwischenzeit, 15. Dynastie – Zweite Zwischenzeit, 17. Dynastie",Zweite Zwischenzeit,-1650,-1550,-1600,,
"Kairo, Institut français d’archéologie orientale, 94",137048,https://aku-pal.uni-mainz.de/texts/137048,128,Administrativer Text,Administrativer Text (Deliveries and/or deficits of rations),"Neues Reich, 19. Dynastie, Siptah, Regierungsjahr 1, Monat 3, Jahreszeit šm.w, Tag 19",Neues Reich,-1194,-1193,-1194,,
D. Assiut N13.1 TS27,5000639,https://aku-pal.uni-mainz.de/texts/5000639,128,Besuchertext,Besuchertext (Scribe Men),"Neues Reich, 18. Dynastie",Neues Reich,-1550,-1295,-1422,,
"Berlin, Ägyptisches Museum und Papyrussammlung, P. 3135",57732,https://aku-pal.uni-mainz.de/texts/57732,124,Buch vom Atmen,Buch vom Atmen (DoB § 1 - 2 - 3 - 4 - 5 - 6 - 7 - 8 - 9 - 10 - 11a - 11b - 12 - 13 - 14a),"Griechisch-römische Zeit, Ptolemäerzeit, Ptolemaios XIV. – Griechisch-römische Zeit, Iulisch-Claudische Dynastie, Claudius",Griechisch-römische Zeit,-47,54,4,,
"Turin, Museo Egizio, S. 17507/1",5000376,https://aku-pal.uni-mainz.de/texts/5000376,124,Rechnung,Rechnung,"Altes Reich, 4. Dynastie",Altes Reich,-2613,-2494,-2554,,
"Turin, Museo Egizio, CGT 54053",5000053,https://aku-pal.uni-mainz.de/texts/5000053,119,Hymnus im Götterkult,Hymnus im Götterkult,"Neues Reich, 19. Dynastie – Neues Reich, 20. Dynastie",Neues Reich,-1295,-1069,-1182,,
"Berlin, Ägyptisches Museum und Papyrussammlung, P. 12626 Kairo, Institut français d’archéologie orientale, 211",136994,https://aku-pal.uni-mainz.de/texts/136994,118,Administrativer Text,"Administrativer Text (Duty roster, Deliveries and/or deficits of products, Events)","Neues Reich, 20. Dynastie, Ramses IV., Regierungsjahr 1, Monat 2, Jahreszeit ꜣḫ.t",Neues Reich,-1153,-1152,-1152,,
"Kairo, Institut français d’archéologie orientale, 117",137436,https://aku-pal.uni-mainz.de/texts/137436,118,Zahlungsliste,Zahlungsliste (Deliveries and/or deficits of products (grain rations)),"Neues Reich, 20. Dynastie, Ramses III.",Neues Reich,-1184,-1153,-1168,,
D. Assiut N13.1 TN18,5000065,https://aku-pal.uni-mainz.de/texts/5000065,117,Besuchertext,"Besuchertext (Scribe Men, Temple of Djefai-Hapi, historical)","Neues Reich, 18. Dynastie, Amenhotep III., Regierungsjahr 2",Neues Reich,-1389,-1388,-1388,,
"Berlin, Ägyptisches Museum und Papyrussammlung, P. 13242 Ro",69737,https://aku-pal.uni-mainz.de/texts/69737,116,Kultischer Text,Kultischer Text,"Griechisch-römische Zeit, Iulisch-Claudische Dynastie, Augustus",Griechisch-römische Zeit,-30,14,-8,,
"Kairo, Ägyptisches Museum, CG 25649 London, British Museum, EA 5672",136362,https://aku-pal.uni-mainz.de/texts/136362,116,Administrativer Text,Administrativer Text (Account of materials; Events; Absence/presence; Progress report; Deliveries and/or deficits of products (grain)),"Neues Reich, 20. Dynastie, Ramses IX., Regierungsjahr 14, Monat 3, Jahreszeit ꜣḫ.t, Tag 20 – Neues Reich, 20. Dynastie, Ramses IX., Regierungsjahr 14, Monat 3, Jahreszeit ꜣḫ.t, Tag 24",Neues Reich,-1113,-1112,-1112,,
D. Assiut N13.1 TN37,5000495,https://aku-pal.uni-mainz.de/texts/5000495,112,Besuchertext,Besuchertext (Scribe Men),"Neues Reich, 18. Dynastie",Neues Reich,-1550,-1295,-1422,,
D. Assiut N13.1 TN9,5000516,https://aku-pal.uni-mainz.de/texts/5000516,112,Kolophon,"Kolophon (Scribe Khaemwaset, praise to scribe, praise to Thoth, sky of myrrh)","Neues Reich, 18. Dynastie, Amenhotep III.",Neues Reich,-1390,-1352,-1371,,
"Kairo, Institut français d’archéologie orientale, 209",137099,https://aku-pal.uni-mainz.de/texts/137099,112,Administrativer Text,Administrativer Text (Deliveries and/or deficits of products),"Neues Reich, 20. Dynastie, Ramses III., Regierungsjahr 30, Monat 4, Jahreszeit šm.w, Tag 2 – Neues Reich, 20. Dynastie, Ramses III., Regierungsjahr 30, Monat 2, Jahreszeit ꜣḫ.t, Tag 10",Neues Reich,-1155,-1154,-1154,,
"Straßburg, Bibliothèque nationale et universitaire de Strasbourg, 56",5000281,https://aku-pal.uni-mainz.de/texts/5000281,111,Brief,Brief (an einen Lebenden),"Altes Reich, 6. Dynastie",Altes Reich,-2345,-2181,-2263,,
"Berlin, Ägyptisches Museum und Papyrussammlung, P. 10523",5000302,https://aku-pal.uni-mainz.de/texts/5000302,110,nicht spezifiziert,nicht spezifiziert,"Altes Reich, 6. Dynastie",Altes Reich,-2345,-2181,-2263,,
"Turin, Museo Egizio, CGT 57028",138919,https://aku-pal.uni-mainz.de/texts/138919,109,Haushaltsliste,Haushaltsliste (Document of absence or presence),"Neues Reich, 20. Dynastie, Ramses III., Regierungsjahr 24, Monat 1, Jahreszeit pr.t, Tag 26 – Neues Reich, 20. Dynastie, Ramses III., Regierungsjahr 24, Monat 2, Jahreszeit pr.t, Tag 22",Neues Reich,-1161,-1160,-1160,,
D. Assiut N13.1 TBN2,5000605,https://aku-pal.uni-mainz.de/texts/5000605,108,Lehre,Lehre (Amenemhet),"Neues Reich, 18. Dynastie",Neues Reich,-1550,-1295,-1422,,
"Kairo, Ägyptisches Museum, JE 95616",5000957,https://aku-pal.uni-mainz.de/texts/5000957,108,Kemit,Kemit,"Neues Reich, 19. Dynastie",Neues Reich,-1295,-1186,-1240,,
"London, British Museum, EA 10554",134519,https://aku-pal.uni-mainz.de/texts/134519,107,Totenbuch,Totenbuch,"Dritte Zwischenzeit, 21. Dynastie, Psusennes II., Regierungsjahr 13",Dritte Zwischenzeit,-947,-946,-946,,
D. Assiut N13.1 TS34,5000641,https://aku-pal.uni-mainz.de/texts/5000641,102,Besuchertext,Besuchertext (Scribe Men),"Neues Reich, 18. Dynastie",Neues Reich,-1550,-1295,-1422,,
"Berlin, Ägyptisches Museum und Papyrussammlung, P. 9785",5000084,https://aku-pal.uni-mainz.de/texts/5000084,101,Juristische Urkunde,Juristische Urkunde,"Neues Reich, 18. Dynastie, Amenhotep IV./Echnaton, Regierungsjahr 4, Monat 2, Jahreszeit ꜣḫ.t, Tag 7",Neues Reich,-1349,-1348,-1348,,
"Berlin, Ägyptisches Museum und Papyrussammlung, P. 3008",57089,https://aku-pal.uni-mainz.de/texts/57089,98,Totenbuch,Totenbuch,"Griechisch-römische Zeit, Ptolemäerzeit, Ptolemaios VI. Philometor – Griechisch-römische Zeit, Ptolemäerzeit, Ptolemaios IX. Soter II. (1. Regierungszeit in Ägypten)",Griechisch-römische Zeit,-180,-107,-144,,
"Turin, Museo Egizio, S. 17507/2",5000377,https://aku-pal.uni-mainz.de/texts/5000377,98,nicht spezifiziert,nicht spezifiziert,"Altes Reich, 4. Dynastie",Altes Reich,-2613,-2494,-2554,,
"Berlin, Ägyptisches Museum und Papyrussammlung, P. 3056",5000047,https://aku-pal.uni-mainz.de/texts/5000047,97,Hymnus im Götterkult,Hymnus im Götterkult,"Dritte Zwischenzeit, 22.–23. Dynastie",Dritte Zwischenzeit,-945,-715,-830,,
D. Hatnub 24,5000311,https://aku-pal.uni-mainz.de/texts/5000311,96,Biographischer Text,Biographischer Text,"Erste Zwischenzeit, 9./10. Dynastie, Nehri I. (Nomarch), Regierungsjahr 7",Erste Zwischenzeit,-2160,-2025,-2092,,
"Kairo, Institut français d’archéologie orientale, SA 2491 Ro",137480,https://aku-pal.uni-mainz.de/texts/137480,96,Zahlungsliste,Zahlungsliste (Grain rations),"Neues Reich, 19. Dynastie, Ramses II., Regierungsjahr 63 – Neues Reich, 19. Dynastie, Ramses II., Regierungsjahr 64",Neues Reich,-1217,-1215,-1216,,
"Berlin, Ägyptisches Museum und Papyrussammlung, P. 10632",136296,https://aku-pal.uni-mainz.de/texts/136296,96,Administrativer Text,Administrativer Text (Deliveries and/or deficits of rations),"Neues Reich, 20. Dynastie, Ramses III., Monat 1, Jahreszeit pr.t, Tag 14 – Neues Reich, 20. Dynastie, Ramses III., Monat 2, Jahreszeit pr.t, Tag 30",Neues Reich,-1184,-1153,-1168,,
D. Assiut N13.1 TN1,5000277,https://aku-pal.uni-mainz.de/texts/5000277,95,Lehre,Lehre (Amenemhet),"Neues Reich, 18. Dynastie",Neues Reich,-1550,-1295,-1422,,
"Kairo, Institut français d’archéologie orientale, O. DeM 571",137430,https://aku-pal.uni-mainz.de/texts/137430,95,Administrativer Text,Administrativer Text (Events),"Neues Reich, 20. Dynastie, Ramses IX., Regierungsjahr 9",Neues Reich,-1118,-1117,-1118,,
D. Assiut N13.1 TN40,5000500,https://aku-pal.uni-mainz.de/texts/5000500,93,Besuchertext,Besuchertext (Scribe Khaemwaset),"Neues Reich, 18. Dynastie",Neues Reich,-1550,-1295,-1422,,
"Turin, Museo Egizio, CGT 57006",138902,https://aku-pal.uni-mainz.de/texts/138902,90,Administrativer Text,Administrativer Text (Progress report; Account of materials and equipment),"Neues Reich, 20. Dynastie, Ramses IV., Regierungsjahr 2",Neues Reich,-1152,-1151,-1152,,
"Berlin, Ägyptisches Museum und Papyrussammlung, P. 3073 London, British Museum, EA 10265 + EA 10266 New York City, Pierpont Morgan Library, Amherst 41",114106,https://aku-pal.uni-mainz.de/texts/114106,88,Totenbuch,Totenbuch,"Griechisch-römische Zeit, Ptolemäerzeit",Griechisch-römische Zeit,-332,-30,-181,,
"London, British Museum, EA 5646 vo",5001265,https://aku-pal.uni-mainz.de/texts/5001265,86,Materialliste,Materialliste,"Neues Reich, 18. Dynastie",Neues Reich,-1550,-1295,-1422,,
"London, Petrie Museum of Egyptian Archaeology, UC 32782",5000251,https://aku-pal.uni-mainz.de/texts/5000251,85,Brief,Brief (an einen Lebenden),"Neues Reich, 18. Dynastie, Amenhotep IV./Echnaton, Regierungsjahr 5, Monat 3, Jahreszeit pr.t, Tag 19",Neues Reich,-1348,-1347,-1348,,
D. Hatnub 25,5000299,https://aku-pal.uni-mainz.de/texts/5000299,85,Biographischer Text,Biographischer Text,"Erste Zwischenzeit, 9./10. Dynastie, Nehri I. (Nomarch), Regierungsjahr 7",Erste Zwischenzeit,-2160,-2025,-2092,,
"Turin, Museo Egizio, S. 17507/5",5000380,https://aku-pal.uni-mainz.de/texts/5000380,84,nicht spezifiziert,nicht spezifiziert,"Altes Reich, 4. Dynastie",Altes Reich,-2613,-2494,-2554,,
D. Assiut N13.1 TN2,5000483,https://aku-pal.uni-mainz.de/texts/5000483,83,Kolophon,Kolophon (Scribe Men),"Neues Reich, 18. Dynastie",Neues Reich,-1550,-1295,-1422,,
"Berlin, Ägyptisches Museum und Papyrussammlung, P. 3055",57066,https://aku-pal.uni-mainz.de/texts/57066,81,Ritualtext im Götterkult,Ritualtext im Götterkult,"Dritte Zwischenzeit, 22.–23. Dynastie",Dritte Zwischenzeit,-945,-715,-830,,
"Turin, Museo Egizio, S. 8438",134315,https://aku-pal.uni-mainz.de/texts/134315,81,Totenbuch,Totenbuch,"Neues Reich, 18. Dynastie, Amenhotep III.",Neues Reich,-1390,-1352,-1371,,
"Kairo, Ägyptisches Museum, JE 54949",5000956,https://aku-pal.uni-mainz.de/texts/5000956,79,Kemit,Kemit,"Neues Reich, 19. Dynastie – Neues Reich, 20. Dynastie",Neues Reich,-1295,-1069,-1182,,
"London, Petrie Museum of Egyptian Archaeology, 32157 ro",5000285,https://aku-pal.uni-mainz.de/texts/5000285,78,Hymne im Königskult,Hymne im Königskult (Hymnen auf Sesostris III.),"Mittleres Reich, 12. Dynastie, Amenemhet III. – Mittleres Reich, 12. Dynastie, Nefrusobek Kasobekre",Mittleres Reich,-1831,-1773,-1802,,
D. Assiut N13.1 TS36,5000717,https://aku-pal.uni-mainz.de/texts/5000717,78,Historischer Vermerk,Historischer Vermerk,"Neues Reich, 20. Dynastie, Ramses III.",Neues Reich,-1184,-1153,-1168,,
"Manchester, John Rylands Library, Dem. 9",47388,https://aku-pal.uni-mainz.de/texts/47388,77,Petition,Petition,"Spätzeit, 27. Dynastie, Dareios I. Setutre, Regierungsjahr 9, Phamenoth",Spätzeit,-514,-513,-514,,
"Straßburg, Bibliothèque nationale et universitaire de Strasbourg, 57",5000310,https://aku-pal.uni-mainz.de/texts/5000310,77,Brief,Brief (an einen Lebenden),"Altes Reich, 6. Dynastie",Altes Reich,-2345,-2181,-2263,,
D. Assiut N13.1 TBS1,5000667,https://aku-pal.uni-mainz.de/texts/5000667,77,Hymnus im Götterkult,Hymnus im Götterkult (Praise to Hapi),"Neues Reich, 18. Dynastie",Neues Reich,-1550,-1295,-1422,,
"Berlin, Ägyptisches Museum und Papyrussammlung, P. 10633",136297,https://aku-pal.uni-mainz.de/texts/136297,76,Administrativer Text,Administrativer Text (Events),"Neues Reich, 20. Dynastie, Ramses III., Regierungsjahr 29, Monat 2, Jahreszeit ꜣḫ.t, Tag 21 – Neues Reich, 20. Dynastie, Ramses III., Regierungsjahr 29, Monat 2, Jahreszeit ꜣḫ.t, Tag 23",Neues Reich,-1156,-1155,-1156,,
"Kairo, Institut français d’archéologie orientale, 1606",137566,https://aku-pal.uni-mainz.de/texts/137566,76,Namenliste/Onomasticon,Namenliste/Onomasticon,"Neues Reich, 19. Dynastie, Ramses II., Regierungsjahr 39 – Neues Reich, 19. Dynastie, Ramses II., Regierungsjahr 63",Neues Reich,-1241,-1216,-1228,,
"Berlin, Ägyptisches Museum und Papyrussammlung, P. 3023 New York City, Pierpont Morgan Library, Amh. Egy. Pap. 1",5000035,https://aku-pal.uni-mainz.de/texts/5000035,74,Erzählung,Erzählung,"Mittleres Reich, 12. Dynastie, Amenemhet III.",Mittleres Reich,-1831,-1786,-1808,,
D. Assiut N13.1 TS25,5000637,https://aku-pal.uni-mainz.de/texts/5000637,74,Lehre,Lehre (Man to his son),"Neues Reich, 18. Dynastie",Neues Reich,-1550,-1295,-1422,,
"Berlin, Ägyptisches Museum und Papyrussammlung, P. 7809 + P. 7810 Paris, Musée du Louvre, AF 11112",56095,https://aku-pal.uni-mainz.de/texts/56095,73,Götternamen und -Titel,Götternamen und -Titel,"Griechisch-römische Zeit, Antoninische Dynastie, Trajan – Griechisch-römische Zeit, Antoninische Dynastie, Antoninus Pius",Griechisch-römische Zeit,98,161,130,,
"London, British Museum, EA 10182",380894,https://aku-pal.uni-mainz.de/texts/380894,73,Lehre,Lehre,"Neues Reich, 19. Dynastie, Sethos II., Regierungsjahr 1",Neues Reich,-1200,-1199,-1200,,
"Kairo, Institut français d’archéologie orientale, 222",137101,https://aku-pal.uni-mainz.de/texts/137101,72,Administrativer Text,Administrativer Text (Deliveries and/or deficits of products),"Neues Reich, 20. Dynastie, Ramses III., Regierungsjahr 29, Monat 4, Jahreszeit ꜣḫ.t, Tag 20 – Neues Reich, 20. Dynastie, Ramses III., Regierungsjahr 29, Monat 4, Jahreszeit šm.w, Tag 30",Neues Reich,-1156,-1155,-1156,,
O. DEM_2018_M25_176 + 2019_M25_096,5001133,https://aku-pal.uni-mainz.de/texts/5001133,71,Kemit,Kemit,"Neues Reich, 19. Dynastie – Neues Reich, 20. Dynastie",Neues Reich,-1295,-1069,-1182,,
"London, British Museum, EA 10672",44763,https://aku-pal.uni-mainz.de/texts/44763,70,nicht spezifiziert,nicht spezifiziert,Griechisch-römische Zeit,Griechisch-römische Zeit,-332,395,32,,
"Paris, Bibliothèque Nationale de France, Egyptien 209",5000402,https://aku-pal.uni-mainz.de/texts/5000402,70,nicht spezifiziert,nicht spezifiziert,"Neues Reich, 19. Dynastie, Sethos I., Regierungsjahr 2",Neues Reich,-1293,-1292,-1292,,
"Berlin, Ägyptisches Museum und Papyrussammlung, P. 23256",133848,https://aku-pal.uni-mainz.de/texts/133848,70,Totenbuch,Totenbuch,"Griechisch-römische Zeit, Argeaden („Makedonierzeit“) – Griechisch-römische Zeit, Ptolemäerzeit",Griechisch-römische Zeit,-332,-30,-181,,
"Prag, Náprstek Museum, P 3824",5001144,https://aku-pal.uni-mainz.de/texts/5001144,68,Kemit,Kemit,"Neues Reich, 19. Dynastie – Neues Reich, 20. Dynastie",Neues Reich,-1295,-1069,-1182,,
"Kairo, Institut français d’archéologie orientale, 404",137001,https://aku-pal.uni-mainz.de/texts/137001,67,Administrativer Text,Administrativer Text (Deliveries and/or deficits of rations),"Neues Reich, 19. Dynastie, Sethos I., Regierungsjahr 3, Monat 2, Jahreszeit pr.t, Tag 30 – Neues Reich, 19. Dynastie, Sethos I., Regierungsjahr 3, Monat 3, Jahreszeit pr.t, Tag 30",Neues Reich,-1292,-1291,-1292,,
"Kairo, Institut français d’archéologie orientale, 66",137092,https://aku-pal.uni-mainz.de/texts/137092,67,Administrativer Text,Administrativer Text (Deliveries and/or deficits of products),"Neues Reich, 20. Dynastie, Regierungsjahr 28, Monat 3, Jahreszeit šm.w, Tag 26 – Neues Reich, 20. Dynastie, Regierungsjahr 28, Monat 4, Jahreszeit šm.w, Tag 27",Neues Reich,-1159,-1158,-1158,,
"Berlin, Ägyptisches Museum und Papyrussammlung, P. 10621",5000210,https://aku-pal.uni-mainz.de/texts/5000210,66,Administrativer Text,Administrativer Text (working report),"Neues Reich, 18. Dynastie, Thutmosis III.",Neues Reich,-1479,-1425,-1452,,
"Berlin, Ägyptisches Museum und Papyrussammlung, P. 11248",139911,https://aku-pal.uni-mainz.de/texts/139911,66,Administrativer Text,Administrativer Text (Document of absence or presence),"Neues Reich, 19. Dynastie – Neues Reich, 20. Dynastie",Neues Reich,-1295,-1069,-1182,,
"Turin, Museo Egizio, CGT 10101 a",135335,https://aku-pal.uni-mainz.de/texts/135335,65,Mundöffnungsritual,Mundöffnungsritual,"Neues Reich, 20. Dynastie, Ramses XI.",Neues Reich,-1099,-1069,-1084,,
D. Assiut N13.1 TN13,5000487,https://aku-pal.uni-mainz.de/texts/5000487,65,Besuchertext,Besuchertext (Scribe of prince of the oasis Ipu),"Zweite Zwischenzeit, 17. Dynastie – Neues Reich, 18. Dynastie, Amenhotep I.",Zweite Zwischenzeit,-1580,-1504,-1542,,
"Paris, Bibliothèque Nationale de France, Egyptien 206",5000400,https://aku-pal.uni-mainz.de/texts/5000400,63,Haushaltsliste,Haushaltsliste,"Neues Reich, 19. Dynastie, Sethos I., Regierungsjahr 2, Monat 4, Jahreszeit šm.w, Tag 3",Neues Reich,-1293,-1292,-1292,,
"Berlin, Ägyptisches Museum und Papyrussammlung, P. 12651 Kairo, Institut français d’archéologie orientale, 210 Wien, Papyrusmuseum, Österreichische Nationalbibliothek, Hier. 4",136998,https://aku-pal.uni-mainz.de/texts/136998,63,Administrativer Text,Administrativer Text (Deliveries and/or deficits; Duty roster; Events),"Neues Reich, 20. Dynastie, Ramses IV., Regierungsjahr 4",Neues Reich,-1150,-1149,-1150,,
"Berlin, Ägyptisches Museum und Papyrussammlung, P. 10615",5000095,https://aku-pal.uni-mainz.de/texts/5000095,62,Administrativer Text,Administrativer Text,"Neues Reich, 18. Dynastie, Thutmosis III., Regierungsjahr 43, Monat 2, Jahreszeit pr.t, Tag 2",Neues Reich,-1437,-1436,-1436,,
"Turin, Museo Egizio, CGT 57020",138914,https://aku-pal.uni-mainz.de/texts/138914,62,Haushaltsliste,Haushaltsliste (Document of absence or presence),"Neues Reich, 20. Dynastie, Ramses III., Regierungsjahr 16, Monat 3, Jahreszeit pr.t, Tag 23 – Neues Reich, 20. Dynastie, Ramses III., Regierungsjahr 16, Monat 1, Jahreszeit šm.w, Tag 5",Neues Reich,-1169,-1168,-1168,,
"Luxor, Luxor Museum of Egyptian Art, DAN hierat 5",5000985,https://aku-pal.uni-mainz.de/texts/5000985,62,Kemit,Kemit,"Zweite Zwischenzeit, 17. Dynastie – Neues Reich, 18. Dynastie",Zweite Zwischenzeit,-1580,-1295,-1438,,
"Paris, Bibliothèque Nationale de France, Egyptien 205",5000399,https://aku-pal.uni-mainz.de/texts/5000399,61,Haushaltsliste,Haushaltsliste,"Neues Reich, 19. Dynastie, Sethos I., Regierungsjahr 2",Neues Reich,-1293,-1292,-1292,,
"Sankt Petersburg, State Hermitage Museum, ДВ 1116 B vo",5000405,https://aku-pal.uni-mainz.de/texts/5000405,61,Literarischer Text,Literarischer Text (Die Prophezeiungen des Neferti),"Neues Reich, 18. Dynastie, Amenhotep II.",Neues Reich,-1427,-1400,-1414,,
"Berlin, Ägyptisches Museum und Papyrussammlung, P. 10482",5000290,https://aku-pal.uni-mainz.de/texts/5000290,61,Sargtexte,Sargtexte,"Mittleres Reich, 11. Dynastie (nach der Reichseinigung) – Mittleres Reich, 12. Dynastie",Mittleres Reich,-2055,-1773,-1914,,
D. Assiut N13.1 TS39,5000642,https://aku-pal.uni-mainz.de/texts/5000642,60,Historischer Vermerk,Historischer Vermerk,"Neues Reich, 20. Dynastie, Ramses III., Regierungsjahr 26, Monat 2, Jahreszeit pr.t, Tag 9 – Neues Reich, 20. Dynastie, Ramses III.",Neues Reich,-1159,-1153,-1156,,
"Turin, Museo Egizio, CGT 57072",138951,https://aku-pal.uni-mainz.de/texts/138951,59,Materialliste,Materialliste (Deliveries and/or deficits of products (wood)),"Neues Reich, 20. Dynastie, Ramses III., Regierungsjahr 28 – Neues Reich, 20. Dynastie, Ramses III., Regierungsjahr 30",Neues Reich,-1157,-1154,-1156,,
"Berlin, Ägyptisches Museum und Papyrussammlung, P. 12366",5000949,https://aku-pal.uni-mainz.de/texts/5000949,59,Kemit,Kemit,"Neues Reich, 19. Dynastie",Neues Reich,-1295,-1186,-1240,,
D. Assiut N13.1 TAS1,5000603,https://aku-pal.uni-mainz.de/texts/5000603,58,Lehre,"Lehre (Loyalistic, Kairsu)","Neues Reich, 18. Dynastie, Thutmosis III. (Alleinregierung) – Neues Reich, 18. Dynastie, Amenhotep II.",Neues Reich,-1458,-1400,-1429,,
"Kairo, Ägyptisches Museum, CG 25726 London, British Museum, EA 50722",136375,https://aku-pal.uni-mainz.de/texts/136375,58,Administrativer Text,Administrativer Text (Deliveries and/or deficits; Events),"Neues Reich, 20. Dynastie, Ramses IV., Regierungsjahr 1, Monat 2, Jahreszeit pr.t, Tag 22",Neues Reich,-1153,-1152,-1152,,
"Cambridge, Fitzwilliam Museum, E.GA.4758.1943",5001131,https://aku-pal.uni-mainz.de/texts/5001131,58,Kemit,Kemit,"Neues Reich, 19. Dynastie – Neues Reich, 20. Dynastie",Neues Reich,-1295,-1069,-1182,,
"Turin, Museo Egizio, CGT 57030",138921,https://aku-pal.uni-mainz.de/texts/138921,56,Haushaltsliste,Haushaltsliste (Document of absence or presence),"Neues Reich, 20. Dynastie, Ramses III., Tag 3 – Neues Reich, 20. Dynastie, Ramses III., Tag 21",Neues Reich,-1184,-1153,-1168,,
"Berlin, Ägyptisches Museum und Papyrussammlung, P. 11272",136326,https://aku-pal.uni-mainz.de/texts/136326,56,Administrativer Text,Administrativer Text (Deliveries and/or deficits of products),"Neues Reich, 20. Dynastie, Ramses III., Monat 3, Jahreszeit ꜣḫ.t, Tag 23",Neues Reich,-1184,-1153,-1168,,
"Kairo, Institut français d’archéologie orientale, 207",136986,https://aku-pal.uni-mainz.de/texts/136986,56,Administrativer Text,Administrativer Text (Deliveries and/or deficits; Duty roster; Events),"Neues Reich, 20. Dynastie, Ramses III., Regierungsjahr 25, Monat 4, Jahreszeit šm.w, Tag 6 – Neues Reich, 20. Dynastie, Ramses III., Regierungsjahr 25, Monat 4, Jahreszeit šm.w, Tag 30",Neues Reich,-1160,-1159,-1160,,
"Paris, Bibliothèque Nationale de France, Egyptien 211",5000403,https://aku-pal.uni-mainz.de/texts/5000403,55,nicht spezifiziert,nicht spezifiziert,"Neues Reich, 19. Dynastie, Sethos I., Regierungsjahr 3, Monat 1, Jahreszeit šm.w, Tag 18 – Neues Reich, 19. Dynastie, Sethos I., Regierungsjahr 3, Monat 1, Jahreszeit ꜣḫ.t, Tag 15",Neues Reich,-1292,-1291,-1292,,
"Kairo, Ägyptisches Museum, JE 58063",5000358,https://aku-pal.uni-mainz.de/texts/5000358,55,Administrativer Text,Administrativer Text,"Altes Reich, 5. Dynastie, Neferirkare I.",Altes Reich,-2475,-2455,-2465,,
D. Assiut N13.1 TS1,5000614,https://aku-pal.uni-mainz.de/texts/5000614,55,Brief,Brief (an einen Lebenden) (Letter of scribe Neferit to his brothers Khaemwaset and Neferrenpet),"Neues Reich, 18. Dynastie",Neues Reich,-1550,-1295,-1422,,
"New York City, Academy of Medicine, 217",5000689,https://aku-pal.uni-mainz.de/texts/5000689,55,Medizinischer Text,Medizinischer Text,"Zweite Zwischenzeit, 17. Dynastie – Neues Reich, 18. Dynastie",Zweite Zwischenzeit,-1580,-1295,-1438,,
"Edinburgh, National Museums of Scotland, The Royal Museum of Scotland, A 1956.314",57971,https://aku-pal.uni-mainz.de/texts/57971,54,Buch vom Atmen,Buch vom Atmen,"Griechisch-römische Zeit, Iulisch-Claudische Dynastie, Augustus, Regierungsjahr 19, Tag 26, Pachon",Griechisch-römische Zeit,-12,-11,-12,,
D. Assiut N13.1 TS45,5000719,https://aku-pal.uni-mainz.de/texts/5000719,53,Fürbitte,Fürbitte,"Neues Reich, 20. Dynastie, Ramses III.",Neues Reich,-1184,-1153,-1168,,
"Kairo, Institut français d’archéologie orientale, 202 Straßburg, Bibliothèque nationale et universitaire de Strasbourg, H. hier. 42",136993,https://aku-pal.uni-mainz.de/texts/136993,52,Administrativer Text,"Administrativer Text (Duty roster, Deliveries and/or deficits of products, Events)","Neues Reich, 20. Dynastie, Ramses IV., Regierungsjahr 1",Neues Reich,-1153,-1152,-1152,,
"Kairo, Institut français d’archéologie orientale, 2561",5001059,https://aku-pal.uni-mainz.de/texts/5001059,52,Kemit,Kemit,"Neues Reich, 19. Dynastie – Neues Reich, 20. Dynastie",Neues Reich,-1295,-1069,-1182,,
O. DeM 612,137471,https://aku-pal.uni-mainz.de/texts/137471,51,Namenliste/Onomasticon,Namenliste/Onomasticon,"Neues Reich, 19. Dynastie, Siptah – Neues Reich, 19. Dynastie, Tausret",Neues Reich,-1194,-1186,-1190,,
"Kairo, Ägyptisches Museum, JE 26230",134444,https://aku-pal.uni-mainz.de/texts/134444,51,Totenbuch,Totenbuch,"Dritte Zwischenzeit, 21. Dynastie, Siamun, Regierungsjahr 5",Dritte Zwischenzeit,-974,-973,-974,,
"Straßburg, Bibliothèque nationale et universitaire de Strasbourg, H. hier. 82",137116,https://aku-pal.uni-mainz.de/texts/137116,51,Administrativer Text,Administrativer Text (Dtuy roster; Events),"Neues Reich, 20. Dynastie, Ramses IV., Regierungsjahr 1",Neues Reich,-1153,-1152,-1152,,
"Kairo, Institut français d’archéologie orientale, 2598",5001014,https://aku-pal.uni-mainz.de/texts/5001014,51,Kemit,Kemit,"Neues Reich, 19. Dynastie – Neues Reich, 20. Dynastie",Neues Reich,-1295,-1069,-1182,,
"Kairo, Institut français d’archéologie orientale, 2542",5001036,https://aku-pal.uni-mainz.de/texts/5001036,51,Kemit,Kemit,"Neues Reich, 19. Dynastie, Ramses II.",Neues Reich,-1279,-1213,-1246,,
"Kairo, Ägyptisches Museum, CG 58032",5000294,https://aku-pal.uni-mainz.de/texts/5000294,50,Hymnus im Götterkult,Hymnus im Götterkult,"Dritte Zwischenzeit, 21. Dynastie, Siamun, Regierungsjahr 5, Monat 4, Jahreszeit šm.w, Tag 21",Dritte Zwischenzeit,-974,-973,-974,,
"Kairo, Ägyptisches Museum, JE 95838",134448,https://aku-pal.uni-mainz.de/texts/134448,50,Totenbuch,Totenbuch,"Dritte Zwischenzeit, 21. Dynastie",Dritte Zwischenzeit,-1069,-945,-1007,,
"München, Staatliche Sammlung Ägyptischer Kunst, ÄS 7123",5000933,https://aku-pal.uni-mainz.de/texts/5000933,50,Funerärer Ritualtext,Funerärer Ritualtext,"Altes Reich, 6. Dynastie",Altes Reich,-2345,-2181,-2263,,
D. Assiut N13.1 TS26,5000638,https://aku-pal.uni-mainz.de/texts/5000638,49,Kolophon,Kolophon,"Neues Reich, 18. Dynastie",Neues Reich,-1550,-1295,-1422,,
"Sankt Petersburg, State Hermitage Museum, ДВ 1115",5000029,https://aku-pal.uni-mainz.de/texts/5000029,49,Erzählung,Erzählung (Shipwrecked Sailor),"Mittleres Reich, 11. Dynastie (nach der Reichseinigung) – Mittleres Reich, 12. Dynastie",Mittleres Reich,-2055,-1773,-1914,,
"Paris, Musée du Louvre, AE/E 3230 b",5000404,https://aku-pal.uni-mainz.de/texts/5000404,48,Brief,Brief (an einen Lebenden),"Neues Reich, 18. Dynastie",Neues Reich,-1550,-1295,-1422,,
"Berlin, Ägyptisches Museum und Papyrussammlung, P. 12629",139942,https://aku-pal.uni-mainz.de/texts/139942,48,nicht spezifiziert,nicht spezifiziert,"Neues Reich, 20. Dynastie, Ramses III., Regierungsjahr 26",Neues Reich,-1159,-1158,-1158,,
"Kairo, Institut français d’archéologie orientale, 12",136969,https://aku-pal.uni-mainz.de/texts/136969,48,Administrativer Text,Administrativer Text (Deliveries and/or deficits of products),"Neues Reich, 19. Dynastie, Sethos I., Regierungsjahr 3, Monat 4, Jahreszeit šm.w, Tag 20",Neues Reich,-1292,-1291,-1292,,
"Berlin, Ägyptisches Museum und Papyrussammlung, P. 14255",136337,https://aku-pal.uni-mainz.de/texts/136337,48,Administrativer Text,Administrativer Text (Progress report; Account of materials and equipment),"Neues Reich, 19. Dynastie, Ramses II. – Neues Reich, 20. Dynastie, Ramses III.",Neues Reich,-1279,-1153,-1216,,
"Kairo, Institut français d’archéologie orientale, OL 1",5001091,https://aku-pal.uni-mainz.de/texts/5001091,48,Kemit,Kemit,"Neues Reich, 19. Dynastie – Neues Reich, 20. Dynastie",Neues Reich,-1295,-1069,-1182,,
O. DEM_2019_M25_197,5001137,https://aku-pal.uni-mainz.de/texts/5001137,48,Kemit,Kemit,"Neues Reich, 19. Dynastie – Neues Reich, 20. Dynastie",Neues Reich,-1295,-1069,-1182,,
O. Amarna EA 329,5001070,https://aku-pal.uni-mainz.de/texts/5001070,47,Kemit,Kemit,"Neues Reich, 18. Dynastie",Neues Reich,-1550,-1295,-1422,,
"Oxford, Ashmolean Museum, ANAsh.Mus.H.O.943",5001157,https://aku-pal.uni-mainz.de/texts/5001157,47,Kemit,Kemit,"Neues Reich, 19. Dynastie – Neues Reich, 20. Dynastie",Neues Reich,-1295,-1069,-1182,,
"Ann Arbor, University of Michigan, Kelsey Museum of Ancient and Mediaeval Archaeology, 1981.04.0025 Florenz, Museo Egizio, 11912 a–b New York City, Metropolitan Museum of Art, 25.3.212 a-g Providence (RI), John Hay Library, 18077 Toronto, Royal Ontario Museum, 910.85.222 [b]",57072,https://aku-pal.uni-mainz.de/texts/57072,46,Totenbuch,Totenbuch,"Spätzeit, 26. Dynastie, Psammetich I.",Spätzeit,-664,-610,-637,,
"Kairo, Institut français d’archéologie orientale, 1",136955,https://aku-pal.uni-mainz.de/texts/136955,46,Administrativer Text,Administrativer Text (Deliveries and/or deficits of rations),"Neues Reich, 19. Dynastie, Sethos I., Regierungsjahr 3, Monat 1, Jahreszeit ꜣḫ.t, Tag 10",Neues Reich,-1292,-1291,-1292,,
"Kairo, Institut français d’archéologie orientale, 2556",5001156,https://aku-pal.uni-mainz.de/texts/5001156,46,Kemit,Kemit,"Neues Reich, 19. Dynastie – Neues Reich, 20. Dynastie",Neues Reich,-1295,-1069,-1182,,
"Turin, Museo Egizio, CGT 54052",5000061,https://aku-pal.uni-mainz.de/texts/5000061,45,Magischer Text,Magischer Text,"Neues Reich, 19. Dynastie",Neues Reich,-1295,-1186,-1240,,
"London, British Museum, EA 66412",136408,https://aku-pal.uni-mainz.de/texts/136408,45,Administrativer Text,Administrativer Text (Deliveries and/or deficits of rations),"Neues Reich, 20. Dynastie, Ramses IV., Tag 20 – Neues Reich, 20. Dynastie, Ramses VII.",Neues Reich,-1153,-1129,-1141,,
D. Assiut N13.1 TN3,5000669,https://aku-pal.uni-mainz.de/texts/5000669,45,Prophezeiung,Prophezeiung (Speech of Neferti),"Neues Reich, 18. Dynastie",Neues Reich,-1550,-1295,-1422,,
"Berlin, Ägyptisches Museum und Papyrussammlung, P. 9906",136286,https://aku-pal.uni-mainz.de/texts/136286,45,Administrativer Text,Administrativer Text (Progress report),"Neues Reich, 20. Dynastie, Ramses III., Regierungsjahr 6, Monat 1, Jahreszeit ꜣḫ.t, Tag 15",Neues Reich,-1179,-1178,-1178,,
"Turin, Museo Egizio, CGT 57554",5000988,https://aku-pal.uni-mainz.de/texts/5000988,45,Kemit,Kemit,"Neues Reich, 19. Dynastie – Neues Reich, 20. Dynastie",Neues Reich,-1295,-1069,-1182,,
"Kairo, Institut français d’archéologie orientale, 1024",137299,https://aku-pal.uni-mainz.de/texts/137299,44,Administrativer Text,Administrativer Text (Deliveries and/or deficits of products),"Neues Reich, 19. Dynastie, Ramses II., Monat 2, Jahreszeit pr.t, Tag 20 – Neues Reich, 19. Dynastie, Ramses II., Monat 2, Jahreszeit pr.t, Tag 23",Neues Reich,-1279,-1213,-1246,,
"Kairo, Institut français d’archéologie orientale, 2513",5001047,https://aku-pal.uni-mainz.de/texts/5001047,44,Kemit,Kemit,"Neues Reich, 19. Dynastie – Neues Reich, 20. Dynastie",Neues Reich,-1295,-1069,-1182,,
O. Amheida 11050,5001108,https://aku-pal.uni-mainz.de/texts/5001108,44,Kemit,Kemit,"Neues Reich, 19. Dynastie – Neues Reich, 20. Dynastie",Neues Reich,-1295,-1069,-1182,,
"London, British Museum, EA 50730 + EA 50745",136380,https://aku-pal.uni-mainz.de/texts/136380,43,Administrativer Text,Administrativer Text (Progress report; Account of absenses/presences),"Neues Reich, 20. Dynastie, Ramses VI., Regierungsjahr 1, Monat 3, Jahreszeit šm.w, Tag 5 – Neues Reich, 20. Dynastie, Ramses VI., Regierungsjahr 1, Monat 3, Jahreszeit šm.w, Tag 14",Neues Reich,-1143,-1142,-1142,,
"Kairo, Institut français d’archéologie orientale, 8",136964,https://aku-pal.uni-mainz.de/texts/136964,43,Administrativer Text,Administrativer Text (Deliveries and/or deficits of products),"Neues Reich, 19. Dynastie, Sethos I., Regierungsjahr 3, Monat 3, Jahreszeit pr.t, Tag 10",Neues Reich,-1292,-1291,-1292,,
"Turin, Museo Egizio, CGT 57393",5000701,https://aku-pal.uni-mainz.de/texts/5000701,43,Administrativer Text,Administrativer Text (Duty roster - Deliveries and/or deficits),"Neues Reich, 20. Dynastie, Ramses IV., Regierungsjahr 2, Tag 10 – Neues Reich, 20. Dynastie, Ramses IV., Regierungsjahr 2, Tag 30",Neues Reich,-1152,-1151,-1152,,
"Kairo, Institut français d’archéologie orientale, 2512",5001048,https://aku-pal.uni-mainz.de/texts/5001048,43,Kemit,Kemit,"Neues Reich, 19. Dynastie – Neues Reich, 20. Dynastie",Neues Reich,-1295,-1069,-1182,,
D. Assiut N13.1 TS3,5000626,https://aku-pal.uni-mainz.de/texts/5000626,42,Hymnus im Götterkult,Hymnus im Götterkult (Praise to Hapi),"Neues Reich, 18. Dynastie",Neues Reich,-1550,-1295,-1422,,
"Kairo, Institut français d’archéologie orientale, SA 2533 + SA 341 + SA 4295 (?) + SA 6226",137586,https://aku-pal.uni-mainz.de/texts/137586,42,Administrativer Text,Administrativer Text (Deliveries and/or deficits of products),"Neues Reich, 20. Dynastie, Ramses IV., Regierungsjahr 1, Monat 4, Jahreszeit šm.w, Tag 22 – Neues Reich, 20. Dynastie, Ramses IV., Regierungsjahr 1",Neues Reich,-1153,-1152,-1152,,
"Berlin, Ägyptisches Museum und Papyrussammlung, P. 9897",136282,https://aku-pal.uni-mainz.de/texts/136282,41,Administrativer Text,Administrativer Text (Deliveries and/or deficits of products),"Neues Reich, 20. Dynastie, Ramses IV., Regierungsjahr 5, Monat 4, Jahreszeit ꜣḫ.t, Tag 24 – Neues Reich, 20. Dynastie, Ramses IV., Regierungsjahr 5, Monat 4, Jahreszeit ꜣḫ.t, Tag 25",Neues Reich,-1149,-1148,-1148,,
"Kairo, Institut français d’archéologie orientale, 2570",5001069,https://aku-pal.uni-mainz.de/texts/5001069,41,Kemit,Kemit,"Neues Reich, 19. Dynastie – Neues Reich, 20. Dynastie",Neues Reich,-1295,-1069,-1182,,
"Turin, Museo Egizio, CGT 57432",139129,https://aku-pal.uni-mainz.de/texts/139129,40,Administrativer Text,Administrativer Text (Account of absence or presence),"Neues Reich, 20. Dynastie, Ramses III., Monat 2, Jahreszeit pr.t, Tag 11 – Neues Reich, 20. Dynastie, Ramses III., Monat 3, Jahreszeit pr.t, Tag 15",Neues Reich,-1184,-1153,-1168,,
"Kairo, Institut français d’archéologie orientale, 2502",5001198,https://aku-pal.uni-mainz.de/texts/5001198,40,Kemit,Kemit,"Neues Reich, 19. Dynastie – Neues Reich, 20. Dynastie",Neues Reich,-1295,-1069,-1182,,
"Paris, Bibliothèque Nationale de France, Egyptien 204",5000398,https://aku-pal.uni-mainz.de/texts/5000398,39,Haushaltsliste,Haushaltsliste,"Neues Reich, 19. Dynastie, Sethos I., Regierungsjahr 2, Monat 4, Jahreszeit šm.w, Tag 3 – Neues Reich, 19. Dynastie, Sethos I., Regierungsjahr 2, Monat 1, Jahreszeit ꜣḫ.t, Tag 3",Neues Reich,-1293,-1292,-1292,,
D. Assiut N13.1 TN42,5000502,https://aku-pal.uni-mainz.de/texts/5000502,38,Besuchertext,Besuchertext (Scribe Men),"Neues Reich, 18. Dynastie, Amenhotep III., Regierungsjahr 30, Monat 1, Jahreszeit pr.t, Tag 5",Neues Reich,-1361,-1360,-1360,,
"Berlin, Ägyptisches Museum und Papyrussammlung, P. 12628 + P. 12641",139941,https://aku-pal.uni-mainz.de/texts/139941,38,Administrativer Text,Administrativer Text (Deliveries and/or deficits of products; Duty roster),"Neues Reich, 20. Dynastie, Ramses IV., Regierungsjahr 1, Monat 3, Jahreszeit pr.t, Tag 1 – Neues Reich, 20. Dynastie, Ramses IV., Regierungsjahr 1, Monat 3, Jahreszeit pr.t, Tag 30",Neues Reich,-1153,-1152,-1152,,
"London, British Museum, EA 5640",5000954,https://aku-pal.uni-mainz.de/texts/5000954,38,Kemit,Kemit,"Neues Reich, 19. Dynastie – Neues Reich, 20. Dynastie",Neues Reich,-1295,-1069,-1182,,
"Kairo, Institut français d’archéologie orientale, 2567",5001030,https://aku-pal.uni-mainz.de/texts/5001030,38,Kemit,Kemit,"Neues Reich, 19. Dynastie – Neues Reich, 20. Dynastie",Neues Reich,-1295,-1069,-1182,,
"Kairo, Institut français d’archéologie orientale, 2507",5001049,https://aku-pal.uni-mainz.de/texts/5001049,38,Kemit,Kemit,"Neues Reich, 19. Dynastie – Neues Reich, 20. Dynastie",Neues Reich,-1295,-1069,-1182,,
"Kairo, Institut français d’archéologie orientale, OL 17",5001079,https://aku-pal.uni-mainz.de/texts/5001079,38,Kemit,Kemit,"Neues Reich, 19. Dynastie – Neues Reich, 20. Dynastie",Neues Reich,-1295,-1069,-1182,,
"Berlin, Ägyptisches Museum und Papyrussammlung, P. 10473 + P. 10474 A–B",5000300,https://aku-pal.uni-mainz.de/texts/5000300,37,Administrativer Text,Administrativer Text,"Altes Reich, 5. Dynastie, Neferirkare I.",Altes Reich,-2475,-2455,-2465,,
"Kairo, Institut français d’archéologie orientale, SA 13108",137767,https://aku-pal.uni-mainz.de/texts/137767,37,Haushaltsliste,Haushaltsliste (Document of absence or presence),"Neues Reich, 19. Dynastie, Siptah, Regierungsjahr 1 – Neues Reich, 19. Dynastie, Siptah, Regierungsjahr 2",Neues Reich,-1194,-1192,-1193,,
"Kairo, Institut français d’archéologie orientale, 1817",137731,https://aku-pal.uni-mainz.de/texts/137731,37,Administrativer Text,Administrativer Text (Deliveries and/or deficits of products; Duty roster),"Neues Reich, 19. Dynastie, Sethos II., Regierungsjahr 4 – Neues Reich, 19. Dynastie, Siptah, Regierungsjahr 4",Neues Reich,-1197,-1190,-1194,,
"Berlin, Ägyptisches Museum und Papyrussammlung, P. 12627",139940,https://aku-pal.uni-mainz.de/texts/139940,37,Administrativer Text,Administrativer Text (Deliveries and/or deficits of products; Duty roster),"Neues Reich, 20. Dynastie, Ramses III., Regierungsjahr 27, Monat 2, Jahreszeit pr.t, Tag 2 – Neues Reich, 20. Dynastie, Ramses III., Regierungsjahr 27, Monat 2, Jahreszeit pr.t, Tag 11",Neues Reich,-1158,-1157,-1158,,
"Berlin, Ägyptisches Museum und Papyrussammlung, P. 14286",139984,https://aku-pal.uni-mainz.de/texts/139984,37,Administrativer Text,Administrativer Text (Events),"Neues Reich, 20. Dynastie, Ramses IV.",Neues Reich,-1153,-1147,-1150,,
"Berlin, Ägyptisches Museum und Papyrussammlung, P. 11262",5000939,https://aku-pal.uni-mainz.de/texts/5000939,37,Kemit,Kemit,"Neues Reich, 18. Dynastie",Neues Reich,-1550,-1295,-1422,,
"Straßburg, Bibliothèque nationale et universitaire de Strasbourg, H 137",5000964,https://aku-pal.uni-mainz.de/texts/5000964,37,Kemit,Kemit,"Neues Reich, 19. Dynastie – Neues Reich, 20. Dynastie",Neues Reich,-1295,-1069,-1182,,
O. DEM_2020_M25_634,5001139,https://aku-pal.uni-mainz.de/texts/5001139,37,Kemit,Kemit,"Neues Reich, 19. Dynastie – Neues Reich, 20. Dynastie",Neues Reich,-1295,-1069,-1182,,
"Berlin, Ägyptisches Museum und Papyrussammlung, P. 10840",136320,https://aku-pal.uni-mainz.de/texts/136320,36,Administrativer Text,Administrativer Text (Deliveries and/or deficits),"Neues Reich, 19. Dynastie, Sethos I., Regierungsjahr 9 – Neues Reich, 19. Dynastie, Ramses II., Regierungsjahr 9",Neues Reich,-1286,-1270,-1278,,
"Kairo, Institut français d’archéologie orientale, SA 12753",137745,https://aku-pal.uni-mainz.de/texts/137745,36,Logbuch,Logbuch (Events),"Neues Reich, 20. Dynastie, Ramses III., Regierungsjahr 29",Neues Reich,-1156,-1155,-1156,,
"Berlin, Ägyptisches Museum und Papyrussammlung, P. 12653",5000950,https://aku-pal.uni-mainz.de/texts/5000950,36,Kemit,Kemit,"Neues Reich, 19. Dynastie – Neues Reich, 20. Dynastie",Neues Reich,-1295,-1069,-1182,,
"Kairo, Institut français d’archéologie orientale, 2607",5001057,https://aku-pal.uni-mainz.de/texts/5001057,36,Kemit,Kemit,"Neues Reich, 19. Dynastie – Neues Reich, 20. Dynastie",Neues Reich,-1295,-1069,-1182,,
"Luxor, Luxor Museum of Egyptian Art, 1001",5001077,https://aku-pal.uni-mainz.de/texts/5001077,36,Kemit,Kemit,"Neues Reich, 18. Dynastie, Hatschepsut – Neues Reich, 18. Dynastie, Thutmosis III.",Neues Reich,-1473,-1425,-1449,,
"Berlin, Ägyptisches Museum und Papyrussammlung, P. 3048 ro",88987,https://aku-pal.uni-mainz.de/texts/88987,35,Hymnus im Götterkult,Hymnus im Götterkult,"Dritte Zwischenzeit, 22.–23. Dynastie",Dritte Zwischenzeit,-945,-715,-830,,
"Kairo, Institut français d’archéologie orientale, 707",137209,https://aku-pal.uni-mainz.de/texts/137209,35,Administrativer Text,Administrativer Text (Deliveries and/or deficits of products),"Neues Reich, 20. Dynastie, Ramses IV., Regierungsjahr 6, Monat 2, Jahreszeit ꜣḫ.t, Tag 5 – Neues Reich, 20. Dynastie, Ramses VI., Regierungsjahr 6, Monat 2, Jahreszeit ꜣḫ.t, Tag 5",Neues Reich,-1148,-1137,-1142,,
"Kairo, Institut français d’archéologie orientale, 203",137096,https://aku-pal.uni-mainz.de/texts/137096,35,Administrativer Text,Administrativer Text (Deliveries and/or deficits of products),"Neues Reich, 20. Dynastie, Ramses III., Regierungsjahr 26, Monat 3, Jahreszeit ꜣḫ.t – Neues Reich, 20. Dynastie, Ramses III., Regierungsjahr 26, Monat 1, Jahreszeit pr.t, Tag 29",Neues Reich,-1159,-1158,-1158,,
D. Assiut N13.1 TN38,5000497,https://aku-pal.uni-mainz.de/texts/5000497,34,Historischer Vermerk,Historischer Vermerk (Scribe Khaemwaset),"Neues Reich, 18. Dynastie, Amenhotep III.",Neues Reich,-1390,-1352,-1371,,
"Kairo, Institut français d’archéologie orientale, 419",137045,https://aku-pal.uni-mainz.de/texts/137045,34,Administrativer Text,Administrativer Text (Deliveries and/or deficits of rations),"Neues Reich, 19. Dynastie, Sethos I. – Neues Reich, 19. Dynastie, Merenptah",Neues Reich,-1294,-1203,-1248,,
"Chicago, Institute for the Study of Ancient Cultures Museum, E25332",5001004,https://aku-pal.uni-mainz.de/texts/5001004,34,Kemit,Kemit,"Neues Reich, 19. Dynastie – Neues Reich, 20. Dynastie",Neues Reich,-1295,-1069,-1182,,
D. Hatnub 17,5000313,https://aku-pal.uni-mainz.de/texts/5000313,33,Biographischer Text,Biographischer Text,"Erste Zwischenzeit, 9./10. Dynastie, Nehri I. (Nomarch), Regierungsjahr 5",Erste Zwischenzeit,-2160,-2025,-2092,,
D. Assiut N13.1 TN28,5000492,https://aku-pal.uni-mainz.de/texts/5000492,33,Kolophon,Kolophon (Scribe Men),"Neues Reich, 18. Dynastie",Neues Reich,-1550,-1295,-1422,,
"Kairo, Institut français d’archéologie orientale, 19",136980,https://aku-pal.uni-mainz.de/texts/136980,33,Administrativer Text,Administrativer Text (Deliveries and/or deficits of rations),"Neues Reich, 19. Dynastie, Sethos I., Regierungsjahr 3, Monat 2, Jahreszeit šm.w, Tag 14",Neues Reich,-1292,-1291,-1292,,
"Kairo, Institut français d’archéologie orientale, SA 8385",137768,https://aku-pal.uni-mainz.de/texts/137768,33,Administrativer Text,Administrativer Text (Document of absence or presence),"Neues Reich, 19. Dynastie, Siptah, Regierungsjahr 1 – Neues Reich, 19. Dynastie, Siptah, Regierungsjahr 2",Neues Reich,-1194,-1192,-1193,,
"Turin, Museo Egizio, CGT 57036",138927,https://aku-pal.uni-mainz.de/texts/138927,33,Administrativer Text,Administrativer Text (Progress report),"Neues Reich, 20. Dynastie, Ramses III., Regierungsjahr 24",Neues Reich,-1161,-1160,-1160,,
"Berlin, Ägyptisches Museum und Papyrussammlung, P. 11240",5000937,https://aku-pal.uni-mainz.de/texts/5000937,33,Kemit,Kemit,"Neues Reich, 18. Dynastie",Neues Reich,-1550,-1295,-1422,,
D. Hatnub 14,5000365,https://aku-pal.uni-mainz.de/texts/5000365,32,Biographischer Text,Biographischer Text,"Erste Zwischenzeit, 9./10. Dynastie, Nehri I. (Nomarch), Regierungsjahr 4",Erste Zwischenzeit,-2160,-2025,-2092,,
"Turin, Museo Egizio, CGT 57026",138917,https://aku-pal.uni-mainz.de/texts/138917,32,Haushaltsliste,Haushaltsliste (Document of absence or presence),"Neues Reich, 20. Dynastie, Ramses III., Regierungsjahr 23, Tag 28 – Neues Reich, 20. Dynastie, Ramses III., Regierungsjahr 23, Monat 2, Jahreszeit ꜣḫ.t, Tag 8",Neues Reich,-1162,-1161,-1162,,
"Kairo, Institut français d’archéologie orientale, 402",137008,https://aku-pal.uni-mainz.de/texts/137008,32,Administrativer Text,"Administrativer Text (Deliveries and/or deficits of rations, Events, Document of absence or presence)","Neues Reich, 20. Dynastie, Ramses III., Regierungsjahr 31, Monat 1, Jahreszeit šm.w, Tag 26 – Neues Reich, 20. Dynastie, Ramses III., Regierungsjahr 31, Monat 1, Jahreszeit šm.w, Tag 29",Neues Reich,-1154,-1153,-1154,,
"Berlin, Ägyptisches Museum und Papyrussammlung, P. 12625",139939,https://aku-pal.uni-mainz.de/texts/139939,32,Administrativer Text,"Administrativer Text (Delivery or deficits of products, Duty roster, Workmen's marks)","Neues Reich, 20. Dynastie, Ramses III., Regierungsjahr 31",Neues Reich,-1154,-1153,-1154,,
"Kairo, Institut français d’archéologie orientale, DeM 591",137450,https://aku-pal.uni-mainz.de/texts/137450,32,Administrativer Text,Administrativer Text (Deliveries and/or deficits of products),"Neues Reich, 19. Dynastie, Siptah – Neues Reich, 19. Dynastie, Tausret",Neues Reich,-1194,-1186,-1190,,
D. Assiut N13.1 TO1,5000147,https://aku-pal.uni-mainz.de/texts/5000147,32,nicht spezifiziert,nicht spezifiziert,"Neues Reich, 20. Dynastie, Ramses XI., Regierungsjahr 1, Monat 4, Jahreszeit ꜣḫ.t, Tag 12",Neues Reich,-1099,-1098,-1098,,
"Berlin, Ägyptisches Museum und Papyrussammlung, P. 14203",5000948,https://aku-pal.uni-mainz.de/texts/5000948,32,Kemit,Kemit,"Neues Reich, 19. Dynastie – Neues Reich, 20. Dynastie",Neues Reich,-1295,-1069,-1182,,
"Leipzig, Ägyptisches Museum der Universität Leipzig – Georg Steindorff, 3956",5000962,https://aku-pal.uni-mainz.de/texts/5000962,32,Kemit,Kemit,"Neues Reich, 19. Dynastie – Neues Reich, 20. Dynastie",Neues Reich,-1295,-1069,-1182,,
"Kairo, Institut français d’archéologie orientale, 2565",5001053,https://aku-pal.uni-mainz.de/texts/5001053,32,Kemit,Kemit,"Neues Reich, 19. Dynastie – Neues Reich, 20. Dynastie",Neues Reich,-1295,-1069,-1182,,
"London, British Museum, EA 10222",381206,https://aku-pal.uni-mainz.de/texts/381206,31,Literarischer Text,Literarischer Text (Satire on Trades),Neues Reich,Neues Reich,-1550,-1069,-1310,,
"Kairo, Institut français d’archéologie orientale, 3",136957,https://aku-pal.uni-mainz.de/texts/136957,31,Administrativer Text,Administrativer Text (Deliveries and/or deficits of rations),"Neues Reich, 19. Dynastie, Sethos I., Regierungsjahr 3, Monat 1, Jahreszeit ꜣḫ.t, Tag 30",Neues Reich,-1292,-1291,-1292,,
D. Assiut N13.1 TN41,5000501,https://aku-pal.uni-mainz.de/texts/5000501,31,Besuchertext,Besuchertext (Scribe Men),"Neues Reich, 18. Dynastie, Amenhotep III., Regierungsjahr 1, Monat 4, Jahreszeit šm.w, Tag 19",Neues Reich,-1390,-1389,-1390,,
"Kairo, Institut français d’archéologie orientale, 405",137005,https://aku-pal.uni-mainz.de/texts/137005,31,Administrativer Text,Administrativer Text (Deliveries and/or deficits of rations),"Neues Reich, 19. Dynastie, Ramses II., Regierungsjahr 41 – Neues Reich, 19. Dynastie, Tausret",Neues Reich,-1239,-1186,-1212,,
"Kairo, Institut français d’archéologie orientale, DeM 565",137424,https://aku-pal.uni-mainz.de/texts/137424,31,Namenliste/Onomasticon,Namenliste/Onomasticon,"Neues Reich, 20. Dynastie, Ramses III.",Neues Reich,-1184,-1153,-1168,,
"London, Petrie Museum of Egyptian Archaeology, UC 31911",5000978,https://aku-pal.uni-mainz.de/texts/5000978,31,Kemit,Kemit,"Neues Reich, 19. Dynastie – Neues Reich, 20. Dynastie",Neues Reich,-1295,-1069,-1182,,
D. Hatnub 22,5000357,https://aku-pal.uni-mainz.de/texts/5000357,30,Biographischer Text,Biographischer Text,"Erste Zwischenzeit, 9./10. Dynastie, Nehri I. (Nomarch), Regierungsjahr 7",Erste Zwischenzeit,-2160,-2025,-2092,,
"Leiden, Rijksmuseum van Oudheden, AAL 146bis a",5000547,https://aku-pal.uni-mainz.de/texts/5000547,30,Nicht spezifizierter Funerärer Text,Nicht spezifizierter Funerärer Text (Totenschein),"Altes Reich, 4. Dynastie",Altes Reich,-2613,-2494,-2554,,
"Turin, Museo Egizio, CGT 57039",138930,https://aku-pal.uni-mainz.de/texts/138930,30,Namenliste/Onomasticon,Namenliste/Onomasticon (Document of absence or presence),"Neues Reich, 20. Dynastie, Ramses III., Regierungsjahr 24, Monat 4, Jahreszeit šm.w, Tag 23 – Neues Reich, 20. Dynastie, Ramses III., Regierungsjahr 24, Monat 4, Jahreszeit šm.w, Tag 24",Neues Reich,-1161,-1160,-1160,,
"Kairo, Institut français d’archéologie orientale, 78",137463,https://aku-pal.uni-mainz.de/texts/137463,30,Administrativer Text,Administrativer Text (Deliveries and/or deficitis of products; Account of absence or presence.),"Neues Reich, 20. Dynastie, Ramses III., Monat 4, Jahreszeit ꜣḫ.t, Tag 15 – Neues Reich, 20. Dynastie, Ramses III., Monat 4, Jahreszeit ꜣḫ.t, Tag 18",Neues Reich,-1184,-1153,-1168,,
D. Assiut N13.1 TS7,5000732,https://aku-pal.uni-mainz.de/texts/5000732,30,Fürbitte,Fürbitte (Scribe Amunmes),"Neues Reich, 20. Dynastie",Neues Reich,-1186,-1069,-1128,,
"Berlin, Ägyptisches Museum und Papyrussammlung, P. 10638",5000934,https://aku-pal.uni-mainz.de/texts/5000934,30,Kemit,Kemit,"Neues Reich, 18. Dynastie",Neues Reich,-1550,-1295,-1422,,
"London, British Museum, EA 5641",5000955,https://aku-pal.uni-mainz.de/texts/5000955,30,Kemit,Kemit,"Neues Reich, 19. Dynastie – Neues Reich, 20. Dynastie",Neues Reich,-1295,-1069,-1182,,
"Paris, Musée du Louvre, AF 497",5000981,https://aku-pal.uni-mainz.de/texts/5000981,30,Kemit,Kemit,"Zweite Zwischenzeit, 17. Dynastie – Neues Reich, 18. Dynastie",Zweite Zwischenzeit,-1580,-1295,-1438,,
"Straßburg, Bibliothèque nationale et universitaire de Strasbourg, H. hier. 5",137115,https://aku-pal.uni-mainz.de/texts/137115,29,Administrativer Text,Administrativer Text (Duty roster),"Neues Reich, 20. Dynastie, Ramses IV., Regierungsjahr 1, Monat 1, Jahreszeit šm.w, Tag 1 – Neues Reich, 20. Dynastie, Ramses IV., Regierungsjahr 2, Monat 3, Jahreszeit ꜣḫ.t, Tag 15",Neues Reich,-1153,-1151,-1152,,
"London, British Museum, EA 10477",134299,https://aku-pal.uni-mainz.de/texts/134299,29,Totenbuch,Totenbuch,"Neues Reich, 18. Dynastie, Hatschepsut – Neues Reich, 18. Dynastie, Amenhotep II.",Neues Reich,-1473,-1400,-1436,,
"Kairo, Institut français d’archéologie orientale, 2606-I",5001058,https://aku-pal.uni-mainz.de/texts/5001058,29,Kemit,Kemit,"Neues Reich, 19. Dynastie – Neues Reich, 20. Dynastie",Neues Reich,-1295,-1069,-1182,,
"Kairo, Institut français d’archéologie orientale, OL 7",5001095,https://aku-pal.uni-mainz.de/texts/5001095,29,Kemit,Kemit,"Neues Reich, 19. Dynastie – Neues Reich, 20. Dynastie",Neues Reich,-1295,-1069,-1182,,
"Kairo, Ägyptisches Museum, CG 58038",5000367,https://aku-pal.uni-mainz.de/texts/5000367,28,Hymnus im Götterkult,Hymnus im Götterkult,"Neues Reich, 18. Dynastie, Amenhotep II.",Neues Reich,-1427,-1400,-1414,,
"Kairo, Institut français d’archéologie orientale, 416",137029,https://aku-pal.uni-mainz.de/texts/137029,28,Administrativer Text,Administrativer Text (Deliveries and/or deficits of rations),"Neues Reich, 19. Dynastie, Monat 3, Jahreszeit pr.t, Tag 7",Neues Reich,-1295,-1186,-1240,,
"Berlin, Ägyptisches Museum und Papyrussammlung, P. 1122",136271,https://aku-pal.uni-mainz.de/texts/136271,28,Administrativer Text,Administrativer Text (Deliveries and/or deficits of rations),"Neues Reich, 19. Dynastie, Monat 2, Jahreszeit pr.t, Tag 6 – Neues Reich, 20. Dynastie, Monat 2, Jahreszeit pr.t, Tag 17",Neues Reich,-1295,-1069,-1182,,
"Kairo, Institut français d’archéologie orientale, OL 26",5001110,https://aku-pal.uni-mainz.de/texts/5001110,28,Kemit,Kemit,"Neues Reich, 19. Dynastie – Neues Reich, 20. Dynastie",Neues Reich,-1295,-1069,-1182,,
"Oxford, Ashmolean Museum, ANAsh.Mus.H.O.1075",5001164,https://aku-pal.uni-mainz.de/texts/5001164,28,Kemit,Kemit,"Neues Reich, 19. Dynastie – Neues Reich, 20. Dynastie",Neues Reich,-1295,-1069,-1182,,
"London, Petrie Museum of Egyptian Archaeology, 32057",5000318,https://aku-pal.uni-mainz.de/texts/5000318,27,Medizinischer Text,Medizinischer Text (Gynäkologischer Papyrus Kahun),"Mittleres Reich, 12. Dynastie, Amenemhet III.",Mittleres Reich,-1831,-1786,-1808,,
"Leiden, Rijksmuseum van Oudheden, AAL 146 a",5000546,https://aku-pal.uni-mainz.de/texts/5000546,27,Nicht spezifizierter Funerärer Text,Nicht spezifizierter Funerärer Text (Totenschein),"Altes Reich, 4. Dynastie",Altes Reich,-2613,-2494,-2554,,
D. Assiut N13.1 TS18,5000632,https://aku-pal.uni-mainz.de/texts/5000632,27,Lehre,Lehre (Khety),"Neues Reich, 18. Dynastie",Neues Reich,-1550,-1295,-1422,,
"Berlin, Ägyptisches Museum und Papyrussammlung, P. 14238",5000951,https://aku-pal.uni-mainz.de/texts/5000951,27,Kemit,Kemit,"Neues Reich, 19. Dynastie – Neues Reich, 20. Dynastie",Neues Reich,-1295,-1069,-1182,,
"London, Petrie Museum of Egyptian Archaeology, UC 31909",5000974,https://aku-pal.uni-mainz.de/texts/5000974,27,Kemit,Kemit,"Neues Reich, 19. Dynastie – Neues Reich, 20. Dynastie",Neues Reich,-1295,-1069,-1182,,
"Kairo, Institut français d’archéologie orientale, 2600",5001062,https://aku-pal.uni-mainz.de/texts/5001062,27,Kemit,Kemit,"Neues Reich, 19. Dynastie – Neues Reich, 20. Dynastie",Neues Reich,-1295,-1069,-1182,,
"Kairo, Institut français d’archéologie orientale, OL 31",5001083,https://aku-pal.uni-mainz.de/texts/5001083,27,Kemit,Kemit,"Neues Reich, 19. Dynastie – Neues Reich, 20. Dynastie",Neues Reich,-1295,-1069,-1182,,
"Kairo, Institut français d’archéologie orientale, 17",136974,https://aku-pal.uni-mainz.de/texts/136974,26,Administrativer Text,Administrativer Text (Deliveries and/or deficits of rations),"Neues Reich, 19. Dynastie, Sethos I., Regierungsjahr 3, Monat 2, Jahreszeit šm.w, Tag 12",Neues Reich,-1292,-1291,-1292,,
"Berlin, Ägyptisches Museum und Papyrussammlung, P. 12384",139932,https://aku-pal.uni-mainz.de/texts/139932,26,Administrativer Text,"Administrativer Text (Duty roster, Deliveries and/or deficits, Document of absence or presence)","Neues Reich, 20. Dynastie, Ramses IV., Regierungsjahr 2",Neues Reich,-1152,-1151,-1152,,
D. Assiut N13.1 TW35,5000731,https://aku-pal.uni-mainz.de/texts/5000731,26,Fürbitte,Fürbitte (Scribe Pashedu(?)),"Neues Reich, 19. Dynastie – Neues Reich, 20. Dynastie",Neues Reich,-1295,-1069,-1182,,
"London, British Museum, EA 10470",134357,https://aku-pal.uni-mainz.de/texts/134357,26,Totenbuch,Totenbuch,"Neues Reich, 19. Dynastie",Neues Reich,-1295,-1186,-1240,,
"London, Petrie Museum of Egyptian Archaeology, UC 31910",5000976,https://aku-pal.uni-mainz.de/texts/5000976,26,Kemit,Kemit,"Neues Reich, 19. Dynastie – Neues Reich, 20. Dynastie",Neues Reich,-1295,-1069,-1182,,
"Kairo, Institut français d’archéologie orientale, 2515",5001060,https://aku-pal.uni-mainz.de/texts/5001060,26,Kemit,Kemit,"Neues Reich, 19. Dynastie – Neues Reich, 20. Dynastie",Neues Reich,-1295,-1069,-1182,,
O. Amarna EA 330,5001071,https://aku-pal.uni-mainz.de/texts/5001071,26,Kemit,Kemit,"Neues Reich, 18. Dynastie",Neues Reich,-1550,-1295,-1422,,
"Berlin, Ägyptisches Museum und Papyrussammlung, P. 3049",5000026,https://aku-pal.uni-mainz.de/texts/5000026,25,Hymnus im Götterkult,Hymnus im Götterkult,"Dritte Zwischenzeit, 22.–23. Dynastie",Dritte Zwischenzeit,-945,-715,-830,,
D. Hatnub 20,5000298,https://aku-pal.uni-mainz.de/texts/5000298,25,Biographischer Text,Biographischer Text,"Erste Zwischenzeit, 9./10. Dynastie, Nehri I. (Nomarch), Regierungsjahr 6",Erste Zwischenzeit,-2160,-2025,-2092,,
D. Assiut N13.1 TN17,5000491,https://aku-pal.uni-mainz.de/texts/5000491,25,Besuchertext,"Besuchertext (Scribe Ir, temple of Djefai-Hapi)","Neues Reich, 18. Dynastie",Neues Reich,-1550,-1295,-1422,,
D. Assiut N13.1 TN36,5000494,https://aku-pal.uni-mainz.de/texts/5000494,25,Historischer Vermerk,Historischer Vermerk (Scribe Neb-(?)),"Neues Reich, 18. Dynastie, Amenhotep III., Regierungsjahr 1",Neues Reich,-1390,-1389,-1390,,
"Kairo, Institut français d’archéologie orientale, 895",138343,https://aku-pal.uni-mainz.de/texts/138343,25,Administrativer Text,Administrativer Text (Deliveries and/or Deficits of products; Account of absence/presence),"Neues Reich, 20. Dynastie, Ramses IV., Regierungsjahr 2 – Neues Reich, 20. Dynastie, Ramses V., Regierungsjahr 2",Neues Reich,-1152,-1145,-1148,,
"Berlin, Ägyptisches Museum und Papyrussammlung, P. 15292",140033,https://aku-pal.uni-mainz.de/texts/140033,25,Namenliste/Onomasticon,Namenliste/Onomasticon,"Neues Reich, 19. Dynastie",Neues Reich,-1295,-1186,-1240,,
"Kairo, Institut français d’archéologie orientale, 96",137098,https://aku-pal.uni-mainz.de/texts/137098,25,Administrativer Text,Administrativer Text (Deliveries and/or deficits of products),"Neues Reich, 20. Dynastie, Monat 2, Jahreszeit ꜣḫ.t, Tag 30 – Neues Reich, 20. Dynastie, Monat 4, Jahreszeit pr.t",Neues Reich,-1186,-1069,-1128,,
"London, British Museum, EA 29548",5000916,https://aku-pal.uni-mainz.de/texts/5000916,25,Kemit,Kemit,"Neues Reich, 19. Dynastie",Neues Reich,-1295,-1186,-1240,,
"Kairo, Institut français d’archéologie orientale, 2506",5001052,https://aku-pal.uni-mainz.de/texts/5001052,25,Kemit,Kemit,"Neues Reich, 19. Dynastie – Neues Reich, 20. Dynastie",Neues Reich,-1295,-1069,-1182,,
"Oxford, Ashmolean Museum, ANAsh.Mus.H.O.1072",5001163,https://aku-pal.uni-mainz.de/texts/5001163,25,Kemit,Kemit,"Neues Reich, 19. Dynastie – Neues Reich, 20. Dynastie",Neues Reich,-1295,-1069,-1182,,
D. Hatnub 23,5000283,https://aku-pal.uni-mainz.de/texts/5000283,24,Biographischer Text,Biographischer Text,"Erste Zwischenzeit, 9./10. Dynastie, Nehri I. (Nomarch), Regierungsjahr 7",Erste Zwischenzeit,-2160,-2025,-2092,,
"Paris, Musée du Louvre, AE/E 3230 a",5000078,https://aku-pal.uni-mainz.de/texts/5000078,24,Brief,Brief (an einen Lebenden),"Neues Reich, 18. Dynastie",Neues Reich,-1550,-1295,-1422,,
"Kairo, Institut français d’archéologie orientale, 93",137453,https://aku-pal.uni-mainz.de/texts/137453,24,Administrativer Text,Administrativer Text (Document of absence),"Neues Reich, 19. Dynastie, Merenptah, Regierungsjahr 8, Monat 3, Jahreszeit pr.t, Tag 5 – Neues Reich, 19. Dynastie, Tausret, Regierungsjahr 8, Monat 3, Jahreszeit pr.t, Tag 5",Neues Reich,-1206,-1206,-1206,,
"Turin, Museo Egizio, CGT 57469",136961,https://aku-pal.uni-mainz.de/texts/136961,24,Administrativer Text,"Administrativer Text (Deliveries and/or deficits of products (pottery, wood))","Neues Reich, 19. Dynastie, Sethos I., Regierungsjahr 3",Neues Reich,-1292,-1291,-1292,,
D. Assiut N13.1 TAS6,5000676,https://aku-pal.uni-mainz.de/texts/5000676,24,Kolophon,"Kolophon (Scribe Nebnefer, praise to scribe)","Neues Reich, 18. Dynastie",Neues Reich,-1550,-1295,-1422,,
"London, British Museum, EA 10245",322162,https://aku-pal.uni-mainz.de/texts/322162,23,Literarischer Text,Literarischer Text,"Neues Reich, 19. Dynastie, Sethos II.",Neues Reich,-1200,-1194,-1197,,
D. Hatnub 16,5000282,https://aku-pal.uni-mainz.de/texts/5000282,23,Biographischer Text,Biographischer Text,"Erste Zwischenzeit, 9./10. Dynastie, Nehri I. (Nomarch), Regierungsjahr 5",Erste Zwischenzeit,-2160,-2025,-2092,,
"Kairo, Institut français d’archéologie orientale, 4",136958,https://aku-pal.uni-mainz.de/texts/136958,23,Administrativer Text,Administrativer Text (Deliveries and/or deficits of rations),"Neues Reich, 19. Dynastie, Sethos I., Regierungsjahr 3, Monat 2, Jahreszeit ꜣḫ.t, Tag 30",Neues Reich,-1292,-1291,-1292,,
"Berlin, Ägyptisches Museum und Papyrussammlung, P. 11249",140059,https://aku-pal.uni-mainz.de/texts/140059,23,Administrativer Text,Administrativer Text (Deliveries and/or deficits of products),"Neues Reich, 20. Dynastie",Neues Reich,-1186,-1069,-1128,,
"Kairo, Institut français d’archéologie orientale, 2505",5001021,https://aku-pal.uni-mainz.de/texts/5001021,23,Kemit,Kemit,"Neues Reich, 19. Dynastie – Neues Reich, 20. Dynastie",Neues Reich,-1295,-1069,-1182,,
"Turin, Museo Egizio, CGT 57153",138997,https://aku-pal.uni-mainz.de/texts/138997,22,Administrativer Text,Administrativer Text (Deliveries and/or deficits; Events; Account of absence or presence),"Neues Reich, 20. Dynastie, Ramses III., Regierungsjahr 26, Monat 4, Jahreszeit pr.t, Tag 25 – Neues Reich, 20. Dynastie, Ramses III., Regierungsjahr 26, Monat 1, Jahreszeit šm.w, Tag 15",Neues Reich,-1159,-1158,-1158,,
D. Assiut N13.1 TAS3,5000666,https://aku-pal.uni-mainz.de/texts/5000666,22,Brief,"Brief (an einen Lebenden) (Letter of scribe Neferit(?) to brother Amenhotep, brother of Khaemwaset. Hathor)","Neues Reich, 18. Dynastie",Neues Reich,-1550,-1295,-1422,,
"Berlin, Ägyptisches Museum und Papyrussammlung, P. 14657",140012,https://aku-pal.uni-mainz.de/texts/140012,22,Administrativer Text,Administrativer Text (Deliveries and/or deficits of products (fish)),"Neues Reich, 20. Dynastie, Ramses IV., Regierungsjahr 1, Monat 1, Jahreszeit šm.w, Tag 2",Neues Reich,-1153,-1152,-1152,,
"Kairo, Institut français d’archéologie orientale, 2508",5001018,https://aku-pal.uni-mainz.de/texts/5001018,22,Kemit,Kemit,"Neues Reich, 19. Dynastie – Neues Reich, 20. Dynastie",Neues Reich,-1295,-1069,-1182,,
"Kairo, Institut français d’archéologie orientale, 2504",5001023,https://aku-pal.uni-mainz.de/texts/5001023,22,Kemit,Kemit,"Neues Reich, 19. Dynastie – Neues Reich, 20. Dynastie",Neues Reich,-1295,-1069,-1182,,
"Kairo, Institut français d’archéologie orientale, 2572",5001031,https://aku-pal.uni-mainz.de/texts/5001031,22,Kemit,Kemit,"Neues Reich, 19. Dynastie – Neues Reich, 20. Dynastie",Neues Reich,-1295,-1069,-1182,,
"Paris, Musée du Louvre, N 815",5000158,https://aku-pal.uni-mainz.de/texts/5000158,21,Administrativer Text,Administrativer Text,"Spätzeit, 26. Dynastie, Apries Haaibre, Regierungsjahr 1, Monat 2, Jahreszeit pr.t",Spätzeit,-589,-588,-588,,
"Berlin, Ägyptisches Museum und Papyrussammlung, P. 11301",5000303,https://aku-pal.uni-mainz.de/texts/5000303,21,Brief,Brief (an einen Lebenden),"Altes Reich, 5. Dynastie, Djedkare",Altes Reich,-2414,-2375,-2394,,
D. Assiut N13.1 TN5,5000484,https://aku-pal.uni-mainz.de/texts/5000484,21,Besuchertext,"Besuchertext (scribe Duau (?), Temple of Djefaihapi, sky of myrrh)","Neues Reich, 18. Dynastie",Neues Reich,-1550,-1295,-1422,,
D. Assiut N13.1 TN39,5000499,https://aku-pal.uni-mainz.de/texts/5000499,21,Besuchertext,Besuchertext,"Neues Reich, 18. Dynastie",Neues Reich,-1550,-1295,-1422,,
"München, Staatliche Sammlung Ägyptischer Kunst, ÄS 3402",5000972,https://aku-pal.uni-mainz.de/texts/5000972,21,Kemit,Kemit,"Neues Reich, 19. Dynastie – Neues Reich, 20. Dynastie",Neues Reich,-1295,-1069,-1182,,
O. DEM_2019_M25_167,5001129,https://aku-pal.uni-mainz.de/texts/5001129,21,Kemit,Kemit,"Neues Reich, 19. Dynastie – Neues Reich, 20. Dynastie",Neues Reich,-1295,-1069,-1182,,
D. Medum 5,5000230,https://aku-pal.uni-mainz.de/texts/5000230,20,Besuchertext,Besuchertext,"Neues Reich, 18. Dynastie, Thutmosis III., Regierungsjahr 41, Monat 3, Jahreszeit šm.w, Tag 22",Neues Reich,-1439,-1438,-1438,,
"London, Petrie Museum of Egyptian Archaeology, UC 32783",5000259,https://aku-pal.uni-mainz.de/texts/5000259,20,Brief,Brief (an einen Lebenden),"Neues Reich, 18. Dynastie, Amenhotep IV./Echnaton, Regierungsjahr 5",Neues Reich,-1348,-1347,-1348,,
"Turin, Museo Egizio, CGT 57283",139069,https://aku-pal.uni-mainz.de/texts/139069,20,Namenliste/Onomasticon,Namenliste/Onomasticon,"Neues Reich, 20. Dynastie, Ramses III., Regierungsjahr 24",Neues Reich,-1161,-1160,-1160,,
"Kairo, Institut français d’archéologie orientale, SA 115",137744,https://aku-pal.uni-mainz.de/texts/137744,20,Namenliste/Onomasticon,Namenliste/Onomasticon (Document of absence or presence),"Neues Reich, 19. Dynastie, Sethos II., Regierungsjahr 4",Neues Reich,-1197,-1196,-1196,,
"Kairo, Institut français d’archéologie orientale, 1884",137737,https://aku-pal.uni-mainz.de/texts/137737,20,Rechnung,Rechnung (Account of materials and equipment),"Neues Reich, 20. Dynastie, Ramses IV., Regierungsjahr 5 – Neues Reich, 20. Dynastie, Ramses IV.",Neues Reich,-1149,-1147,-1148,,
D. Assiut N13.1 TW14,5000722,https://aku-pal.uni-mainz.de/texts/5000722,20,Fürbitte,Fürbitte,"Neues Reich, 19. Dynastie – Neues Reich, 20. Dynastie",Neues Reich,-1295,-1069,-1182,,
"Turin, Museo Egizio, CGT 57007",138903,https://aku-pal.uni-mainz.de/texts/138903,20,nicht spezifiziert,nicht spezifiziert,"Neues Reich, 20. Dynastie, Ramses III., Regierungsjahr 28 – Neues Reich, 20. Dynastie, Ramses III., Regierungsjahr 29",Neues Reich,-1157,-1155,-1156,,
"London, British Museum, EA 9900",134286,https://aku-pal.uni-mainz.de/texts/134286,20,Totenbuch,Totenbuch,"Neues Reich, 18. Dynastie, Thutmosis IV.",Neues Reich,-1400,-1390,-1395,,
"Kairo, Institut français d’archéologie orientale, OL 41",5001089,https://aku-pal.uni-mainz.de/texts/5001089,20,Kemit,Kemit,"Neues Reich, 19. Dynastie – Neues Reich, 20. Dynastie",Neues Reich,-1295,-1069,-1182,,
O. DEM_2019_M25_140,5001136,https://aku-pal.uni-mainz.de/texts/5001136,20,Kemit,Kemit,"Neues Reich, 19. Dynastie – Neues Reich, 20. Dynastie",Neues Reich,-1295,-1069,-1182,,
"London, British Museum, EA 10184",5000435,https://aku-pal.uni-mainz.de/texts/5000435,19,Königsname und Titel,Königsname und Titel,"Neues Reich, 19. Dynastie, Ramses II., Regierungsjahr 56",Neues Reich,-1224,-1223,-1224,,
"Kairo, Institut français d’archéologie orientale, SA 8564",137769,https://aku-pal.uni-mainz.de/texts/137769,19,Administrativer Text,Administrativer Text (Name list),"Neues Reich, 19. Dynastie, Siptah",Neues Reich,-1194,-1188,-1191,,
"Kairo, Institut français d’archéologie orientale, 107",137476,https://aku-pal.uni-mainz.de/texts/137476,19,Administrativer Text,Administrativer Text (Document of absence or presence),"Neues Reich, 20. Dynastie, Ramses IV., Monat 1, Jahreszeit pr.t, Tag 1 – Neues Reich, 20. Dynastie, Ramses IV., Monat 1, Jahreszeit pr.t, Tag 16",Neues Reich,-1153,-1147,-1150,,
"Turin, Museo Egizio, CGT 57479",139152,https://aku-pal.uni-mainz.de/texts/139152,19,Administrativer Text,Administrativer Text (Name list),"Neues Reich, 20. Dynastie, Ramses IV. – Neues Reich, 20. Dynastie",Neues Reich,-1153,-1069,-1111,,
"Turin, Museo Egizio, CGT 57189",139018,https://aku-pal.uni-mainz.de/texts/139018,19,Administrativer Text,Administrativer Text (Deliveries and/or deficits (various)),"Neues Reich, 20. Dynastie, Ramses III., Monat 2, Jahreszeit pr.t, Tag 2 – Neues Reich, 20. Dynastie, Ramses III., Monat 2, Jahreszeit pr.t, Tag 20",Neues Reich,-1184,-1153,-1168,,
"Berlin, Ägyptisches Museum und Papyrussammlung, P. 14302",139986,https://aku-pal.uni-mainz.de/texts/139986,19,Administrativer Text,Administrativer Text (Deliveries and/or deficits of products),"Neues Reich, 20. Dynastie, Ramses IV., Regierungsjahr 3, Monat 2, Jahreszeit ꜣḫ.t, Tag 12 – Neues Reich, 20. Dynastie, Ramses IV., Regierungsjahr 3, Monat 2, Jahreszeit ꜣḫ.t",Neues Reich,-1151,-1150,-1150,,
"Berlin, Ägyptisches Museum und Papyrussammlung, P. 14210",139966,https://aku-pal.uni-mainz.de/texts/139966,19,Administrativer Text,Administrativer Text (Deliveries and/or deficits of products (rations)),"Neues Reich, 20. Dynastie",Neues Reich,-1186,-1069,-1128,,
"Amsterdam, University Library, Dortmond 22 Boston (MA), Museum of Fine Arts, 22.401 London, British Museum, EA 10489 New York City, Metropolitan Museum of Art, 30.8.70 a-b",133544,https://aku-pal.uni-mainz.de/texts/133544,19,Totenbuch,Totenbuch,"Neues Reich, 18. Dynastie, Thutmosis III. (Alleinregierung) – Neues Reich, 18. Dynastie, Amenhotep II.",Neues Reich,-1458,-1400,-1429,,
"Heidelberg, Sammlung des Ägyptologischen Instituts der Universität Heidelberg, 214",5000966,https://aku-pal.uni-mainz.de/texts/5000966,19,Kemit,Kemit,"Neues Reich, 19. Dynastie – Neues Reich, 20. Dynastie",Neues Reich,-1295,-1069,-1182,,
"New York City, Metropolitan Museum of Art, 14.1.455 + 457",5000969,https://aku-pal.uni-mainz.de/texts/5000969,19,Kemit,Kemit,"Neues Reich, 19. Dynastie – Neues Reich, 20. Dynastie",Neues Reich,-1295,-1069,-1182,,
"London, Petrie Museum of Egyptian Archaeology, UC 31912",5000975,https://aku-pal.uni-mainz.de/texts/5000975,19,Kemit,Kemit,"Neues Reich, 19. Dynastie – Neues Reich, 20. Dynastie",Neues Reich,-1295,-1069,-1182,,
"Turin, Museo Egizio, CGT 57307",5000992,https://aku-pal.uni-mainz.de/texts/5000992,19,Kemit,Kemit,"Neues Reich, 19. Dynastie – Neues Reich, 20. Dynastie",Neues Reich,-1295,-1069,-1182,,
"Turin, Museo Egizio, CGT 57448",5000995,https://aku-pal.uni-mainz.de/texts/5000995,19,Kemit,Kemit,"Neues Reich, 19. Dynastie – Neues Reich, 20. Dynastie",Neues Reich,-1295,-1069,-1182,,
"Turin, Museo Egizio, CGT 57549",5000997,https://aku-pal.uni-mainz.de/texts/5000997,19,Kemit,Kemit,"Neues Reich, 19. Dynastie – Neues Reich, 20. Dynastie",Neues Reich,-1295,-1069,-1182,,
"Prag, Náprstek Museum, P 2034",5001143,https://aku-pal.uni-mainz.de/texts/5001143,19,Kemit,Kemit,"Neues Reich, 19. Dynastie – Neues Reich, 20. Dynastie",Neues Reich,-1295,-1069,-1182,,
"Oxford, Ashmolean Museum, ANAsh.Mus.H.O.1020",5001161,https://aku-pal.uni-mainz.de/texts/5001161,19,Kemit,Kemit,"Neues Reich, 19. Dynastie – Neues Reich, 20. Dynastie",Neues Reich,-1295,-1069,-1182,,
"New York City, Pierpont Morgan Library, Amh. Egy. Pap. 9 Paris, Bibliothèque Nationale de France, Egyptien 202",5000068,https://aku-pal.uni-mainz.de/texts/5000068,18,Erzählung,Erzählung (Astarte and the Legend of the Sea),"Neues Reich, 18. Dynastie, Amenhotep II.",Neues Reich,-1427,-1400,-1414,,
"Berlin, Ägyptisches Museum und Papyrussammlung, P. 3029 [b]",5000680,https://aku-pal.uni-mainz.de/texts/5000680,18,Gerichtsurkunde/Zeugenaussage,Gerichtsurkunde/Zeugenaussage (text b),"Neues Reich, 18. Dynastie, Amenhotep II., Regierungsjahr 5",Neues Reich,-1423,-1422,-1422,,
D. TT 63.1,5000355,https://aku-pal.uni-mainz.de/texts/5000355,18,Besuchertext,Besuchertext,"Neues Reich, 18. Dynastie, Thutmosis IV.",Neues Reich,-1400,-1390,-1395,,
D. Hatnub 26,5000312,https://aku-pal.uni-mainz.de/texts/5000312,18,Biographischer Text,Biographischer Text,"Erste Zwischenzeit, 9./10. Dynastie, Nehri I. (Nomarch), Regierungsjahr 8",Erste Zwischenzeit,-2160,-2025,-2092,,
"Kairo, Ägyptisches Museum, JE 25975",5000122,https://aku-pal.uni-mainz.de/texts/5000122,18,Totenbrief,Totenbrief,"Altes Reich, 6. Dynastie",Altes Reich,-2345,-2181,-2263,,
D. Assiut N13.1 TS20,5000634,https://aku-pal.uni-mainz.de/texts/5000634,18,Besuchertext,Besuchertext (Scribe Men),"Neues Reich, 18. Dynastie",Neues Reich,-1550,-1295,-1422,,
"Turin, Museo Egizio, CGT 57156",138999,https://aku-pal.uni-mainz.de/texts/138999,18,Administrativer Text,Administrativer Text (Account of absence or presence; Events),"Neues Reich, 20. Dynastie, Ramses III., Tag 4 – Neues Reich, 20. Dynastie, Ramses III., Tag 23",Neues Reich,-1184,-1153,-1168,,
"Berlin, Ägyptisches Museum und Papyrussammlung, P. 12632 Kairo, Institut français d’archéologie orientale, 226",137104,https://aku-pal.uni-mainz.de/texts/137104,18,Administrativer Text,Administrativer Text (Deliveries and/or deficits of products),"Neues Reich, 20. Dynastie, Ramses III., Regierungsjahr 26, Monat 1, Jahreszeit ꜣḫ.t, Tag 10 – Neues Reich, 20. Dynastie, Ramses III., Regierungsjahr 26, Monat 1, Jahreszeit pr.t, Tag 20",Neues Reich,-1159,-1158,-1158,,
"Straßburg, Bibliothèque nationale et universitaire de Strasbourg, H 101",5000963,https://aku-pal.uni-mainz.de/texts/5000963,18,Kemit,Kemit,"Neues Reich, 19. Dynastie – Neues Reich, 20. Dynastie",Neues Reich,-1295,-1069,-1182,,
"Chicago, Institute for the Study of Ancient Cultures Museum, E16992",5001003,https://aku-pal.uni-mainz.de/texts/5001003,18,Kemit,Kemit,"Neues Reich, 19. Dynastie – Neues Reich, 20. Dynastie",Neues Reich,-1295,-1069,-1182,,
"Chicago, Institute for the Study of Ancient Cultures Museum, E25348",5001005,https://aku-pal.uni-mainz.de/texts/5001005,18,Kemit,Kemit,"Neues Reich, 18. Dynastie – Neues Reich, 20. Dynastie",Neues Reich,-1550,-1069,-1310,,
"Kairo, Institut français d’archéologie orientale, 2608",5001041,https://aku-pal.uni-mainz.de/texts/5001041,18,Kemit,Kemit,"Neues Reich, 19. Dynastie – Neues Reich, 20. Dynastie",Neues Reich,-1295,-1069,-1182,,
"Kairo, Institut français d’archéologie orientale, 2593",5001055,https://aku-pal.uni-mainz.de/texts/5001055,18,Kemit,Kemit,"Neues Reich, 19. Dynastie – Neues Reich, 20. Dynastie",Neues Reich,-1295,-1069,-1182,,
"Kairo, Institut français d’archéologie orientale, 2579",5001066,https://aku-pal.uni-mainz.de/texts/5001066,18,Kemit,Kemit,"Neues Reich, 19. Dynastie – Neues Reich, 20. Dynastie",Neues Reich,-1295,-1069,-1182,,
"Kairo, Institut français d’archéologie orientale, OL 46 + 49",5001085,https://aku-pal.uni-mainz.de/texts/5001085,18,Kemit,Kemit,"Neues Reich, 19. Dynastie – Neues Reich, 20. Dynastie",Neues Reich,-1295,-1069,-1182,,
"Straßburg, Bibliothèque nationale et universitaire de Strasbourg, 58",5000308,https://aku-pal.uni-mainz.de/texts/5000308,17,Brief,Brief (an einen Lebenden),"Altes Reich, 6. Dynastie",Altes Reich,-2345,-2181,-2263,,
D. Assiut N13.1 TS11,5000630,https://aku-pal.uni-mainz.de/texts/5000630,17,Fürbitte,Fürbitte (Amunmes to Hathor),"Neues Reich, 20. Dynastie",Neues Reich,-1186,-1069,-1128,,
D. Assiut N13.1 TBW1,5000685,https://aku-pal.uni-mainz.de/texts/5000685,17,Lehre,"Lehre (Loyalistic, Kairsu)","Neues Reich, 18. Dynastie",Neues Reich,-1550,-1295,-1422,,
"Berlin, Ägyptisches Museum und Papyrussammlung, P. 10839",136319,https://aku-pal.uni-mainz.de/texts/136319,17,Administrativer Text,Administrativer Text (Deliveries and/or deficits of rations),"Neues Reich, 20. Dynastie, Ramses III.",Neues Reich,-1184,-1153,-1168,,
"Kairo, Institut français d’archéologie orientale, SA 3231",137709,https://aku-pal.uni-mainz.de/texts/137709,17,Administrativer Text,Administrativer Text (Deliveries and/or deficits of products (fish)),"Neues Reich, 20. Dynastie, Ramses III., Regierungsjahr 21, Monat 4, Jahreszeit ꜣḫ.t, Tag 25",Neues Reich,-1164,-1163,-1164,,
"Kairo, Institut français d’archéologie orientale, 215",136997,https://aku-pal.uni-mainz.de/texts/136997,17,Administrativer Text,Administrativer Text (Deliveries and/or deficits; Duty roster; Events),"Neues Reich, 20. Dynastie, Ramses IV., Regierungsjahr 1, Monat 3, Jahreszeit šm.w, Tag 1 – Neues Reich, 20. Dynastie, Ramses IV., Regierungsjahr 2, Monat 4, Jahreszeit šm.w, Tag 16",Neues Reich,-1153,-1151,-1152,,
"Turin, Museo Egizio, CGT 57545 + CGT 57546",5000917,https://aku-pal.uni-mainz.de/texts/5000917,17,Kemit,Kemit,"Neues Reich, 19. Dynastie – Neues Reich, 20. Dynastie",Neues Reich,-1295,-1069,-1182,,
"Kairo, Institut français d’archéologie orientale, 2543",5001016,https://aku-pal.uni-mainz.de/texts/5001016,17,Kemit,Kemit,"Neues Reich, 19. Dynastie – Neues Reich, 20. Dynastie",Neues Reich,-1295,-1069,-1182,,
"Kairo, Institut français d’archéologie orientale, 2620",5001046,https://aku-pal.uni-mainz.de/texts/5001046,17,Kemit,Kemit,"Neues Reich, 19. Dynastie – Neues Reich, 20. Dynastie",Neues Reich,-1295,-1069,-1182,,
"Kairo, Institut français d’archéologie orientale, 2544",5001056,https://aku-pal.uni-mainz.de/texts/5001056,17,Kemit,Kemit,"Neues Reich, 19. Dynastie – Neues Reich, 20. Dynastie",Neues Reich,-1295,-1069,-1182,,
"Oxford, Ashmolean Museum, ANAsh.Mus.H.O.1076",5001165,https://aku-pal.uni-mainz.de/texts/5001165,17,Kemit,Kemit,"Neues Reich, 19. Dynastie – Neues Reich, 20. Dynastie",Neues Reich,-1295,-1069,-1182,,
"New York City, Pierpont Morgan Library, Amh. Egy. Pap. 6",5000267,https://aku-pal.uni-mainz.de/texts/5000267,16,Gerichtsurkunde/Zeugenaussage,Gerichtsurkunde/Zeugenaussage,"Neues Reich, 20. Dynastie, Ramses IX., Regierungsjahr 16",Neues Reich,-1111,-1110,-1110,,
"Kairo, Institut français d’archéologie orientale, 337",137030,https://aku-pal.uni-mainz.de/texts/137030,16,Administrativer Text,Administrativer Text (Deliveries and/or deficits of rations),"Neues Reich, 20. Dynastie, Ramses IV., Regierungsjahr 4, Monat 1, Jahreszeit pr.t, Tag 7",Neues Reich,-1150,-1149,-1150,,
"Turin, Museo Egizio, CGT 57035",138926,https://aku-pal.uni-mainz.de/texts/138926,16,Administrativer Text,Administrativer Text (Document of absence or presence),"Neues Reich, 20. Dynastie, Ramses III., Tag 6 – Neues Reich, 20. Dynastie, Ramses III., Tag 12",Neues Reich,-1184,-1153,-1168,,
D. Assiut N13.1 TN11,5000659,https://aku-pal.uni-mainz.de/texts/5000659,16,Signatur,Signatur (Scribe Nebnefer),"Neues Reich, 18. Dynastie, Amenhotep III.",Neues Reich,-1390,-1352,-1371,,
D. Assiut N13.1 TS4,5000711,https://aku-pal.uni-mainz.de/texts/5000711,16,nicht spezifiziert,nicht spezifiziert (Scribe Neferher),"Neues Reich, 19. Dynastie – Neues Reich, 20. Dynastie",Neues Reich,-1295,-1069,-1182,,
D. Ptahemwia 14,5000986,https://aku-pal.uni-mainz.de/texts/5000986,16,Kemit,Kemit,"Neues Reich, 18. Dynastie, Amenhotep IV./Echnaton – Neues Reich, 18. Dynastie, Tutanchamun",Neues Reich,-1352,-1327,-1340,,
"Oxford, Ashmolean Museum, ANAsh.Mus.H.O.512B",5001010,https://aku-pal.uni-mainz.de/texts/5001010,16,Kemit,Kemit,"Neues Reich, 19. Dynastie – Neues Reich, 20. Dynastie",Neues Reich,-1295,-1069,-1182,,
"Oxford, Ashmolean Museum, ANAsh.Mus.H.O.570",5001011,https://aku-pal.uni-mainz.de/texts/5001011,16,Kemit,Kemit,"Neues Reich, 19. Dynastie – Neues Reich, 20. Dynastie",Neues Reich,-1295,-1069,-1182,,
"Kairo, Institut français d’archéologie orientale, 2604",5001019,https://aku-pal.uni-mainz.de/texts/5001019,16,Kemit,Kemit,"Neues Reich, 19. Dynastie – Neues Reich, 20. Dynastie",Neues Reich,-1295,-1069,-1182,,
"Kairo, Institut français d’archéologie orientale, 2603",5001027,https://aku-pal.uni-mainz.de/texts/5001027,16,Kemit,Kemit,"Neues Reich, 19. Dynastie – Neues Reich, 20. Dynastie",Neues Reich,-1295,-1069,-1182,,
O. Deir el-Bahri T3.L13,5001073,https://aku-pal.uni-mainz.de/texts/5001073,16,Kemit,Kemit,"Neues Reich, 18. Dynastie – Neues Reich, 20. Dynastie",Neues Reich,-1550,-1069,-1310,,
"Prag, Náprstek Museum, P 3830",5001145,https://aku-pal.uni-mainz.de/texts/5001145,16,Kemit,Kemit,"Neues Reich, 19. Dynastie – Neues Reich, 20. Dynastie",Neues Reich,-1295,-1069,-1182,,
"London, Petrie Museum of Egyptian Archaeology, UC 32271 A",5001249,https://aku-pal.uni-mainz.de/texts/5001249,16,Kemit,Kemit,"Mittleres Reich, 12. Dynastie, Sesostris III. – Mittleres Reich, 12. Dynastie, Amenemhet III.",Mittleres Reich,-1870,-1786,-1828,,
"D. Amasis, Jahr 5",5000219,https://aku-pal.uni-mainz.de/texts/5000219,15,Besuchertext,Besuchertext,"Spätzeit, 26. Dynastie, Amasis Chenemibre, Regierungsjahr 5, Monat 4, Jahreszeit pr.t, Tag 11",Spätzeit,-566,-565,-566,,
"Berlin, Ägyptisches Museum und Papyrussammlung, P. 10663",136310,https://aku-pal.uni-mainz.de/texts/136310,15,Administrativer Text,Administrativer Text (Progress report),"Neues Reich, 20. Dynastie, Ramses III., Regierungsjahr 28, Monat 1, Jahreszeit ꜣḫ.t, Tag 17",Neues Reich,-1157,-1156,-1156,,
"Kairo, Institut français d’archéologie orientale, SA 6154",137578,https://aku-pal.uni-mainz.de/texts/137578,15,Administrativer Text,Administrativer Text (Deliveries and/or deficits of products),"Neues Reich, 20. Dynastie, Ramses XI., Regierungsjahr 3",Neues Reich,-1097,-1096,-1096,,
"Kairo, Institut français d’archéologie orientale, 893",138341,https://aku-pal.uni-mainz.de/texts/138341,15,Administrativer Text,Administrativer Text,"Neues Reich, 20. Dynastie, Ramses IV., Regierungsjahr 2",Neues Reich,-1152,-1151,-1152,,
D. Assiut N13.1 TS10,5000629,https://aku-pal.uni-mainz.de/texts/5000629,15,Kemit,Kemit (Kemit),"Neues Reich, 18. Dynastie",Neues Reich,-1550,-1295,-1422,,
"London, British Museum, EA 10759",381067,https://aku-pal.uni-mainz.de/texts/381067,15,Hymnus im Götterkult,Hymnus im Götterkult (hymn to Sobek),"Mittleres Reich, 12. Dynastie, Amenemhet III. – Zweite Zwischenzeit, 13. Dynastie",Mittleres Reich,-1831,-1650,-1740,,
"Berlin, Ägyptisches Museum und Papyrussammlung, P. 14218",140087,https://aku-pal.uni-mainz.de/texts/140087,15,Administrativer Text,Administrativer Text (Deliveries and/or deficits of products (wood on recto; pottery on verso)),"Neues Reich, 19. Dynastie",Neues Reich,-1295,-1186,-1240,,
"Berlin, Ägyptisches Museum und Papyrussammlung, P. 11257",5000938,https://aku-pal.uni-mainz.de/texts/5000938,15,Kemit,Kemit,"Neues Reich, 18. Dynastie",Neues Reich,-1550,-1295,-1422,,
"Turin, Museo Egizio, CGT 57060",5000990,https://aku-pal.uni-mainz.de/texts/5000990,15,Kemit,Kemit,"Neues Reich, 19. Dynastie – Neues Reich, 20. Dynastie",Neues Reich,-1295,-1069,-1182,,
O. Ramesseum 2005-STO-003,5001001,https://aku-pal.uni-mainz.de/texts/5001001,15,Kemit,Kemit,"Neues Reich, 19. Dynastie, Ramses II.",Neues Reich,-1279,-1213,-1246,,
"Kairo, Institut français d’archéologie orientale, OL 27",5001082,https://aku-pal.uni-mainz.de/texts/5001082,15,Kemit,Kemit,"Neues Reich, 19. Dynastie – Neues Reich, 20. Dynastie",Neues Reich,-1295,-1069,-1182,,
"Oxford, Ashmolean Museum, ANAsh.Mus.H.O.614",5001151,https://aku-pal.uni-mainz.de/texts/5001151,15,Kemit,Kemit,"Neues Reich, 19. Dynastie – Neues Reich, 20. Dynastie",Neues Reich,-1295,-1069,-1182,,
"Kairo, Institut français d’archéologie orientale, 2514",5001155,https://aku-pal.uni-mainz.de/texts/5001155,15,Kemit,Kemit,"Neues Reich, 19. Dynastie – Neues Reich, 20. Dynastie",Neues Reich,-1295,-1069,-1182,,
P. Abusir Berlin kleine Fragmente,5000396,https://aku-pal.uni-mainz.de/texts/5000396,14,Administrativer Text,Administrativer Text,"Altes Reich, 5. Dynastie",Altes Reich,-2494,-2345,-2420,,
"Kairo, Institut français d’archéologie orientale, SA 6351",137633,https://aku-pal.uni-mainz.de/texts/137633,14,Administrativer Text,Administrativer Text,"Neues Reich, 20. Dynastie, Ramses III., Regierungsjahr 19, Monat 1, Jahreszeit pr.t, Tag 1",Neues Reich,-1166,-1165,-1166,,
"Kairo, Institut français d’archéologie orientale, 98",137457,https://aku-pal.uni-mainz.de/texts/137457,14,Namenliste/Onomasticon,Namenliste/Onomasticon,"Neues Reich, 19. Dynastie, Siptah – Neues Reich, 19. Dynastie, Tausret",Neues Reich,-1194,-1186,-1190,,
D. Assiut N13.1 TS16,5000631,https://aku-pal.uni-mainz.de/texts/5000631,14,Besuchertext,Besuchertext (Temple of Hathor),"Neues Reich, 18. Dynastie",Neues Reich,-1550,-1295,-1422,,
"Kairo, Institut français d’archéologie orientale, DeM 578",137437,https://aku-pal.uni-mainz.de/texts/137437,14,Logbuch,Logbuch (Duty roster),"Neues Reich, 20. Dynastie, Ramses III., Regierungsjahr 31, Monat 2, Jahreszeit pr.t, Tag 30",Neues Reich,-1154,-1153,-1154,,
"Turin, Museo Egizio, CGT 57282",139068,https://aku-pal.uni-mainz.de/texts/139068,14,Administrativer Text,Administrativer Text,"Neues Reich, 20. Dynastie, Ramses III.",Neues Reich,-1184,-1153,-1168,,
"Berlin, Ägyptisches Museum und Papyrussammlung, P. 14233",139971,https://aku-pal.uni-mainz.de/texts/139971,14,Administrativer Text,Administrativer Text,"Neues Reich, 19. Dynastie",Neues Reich,-1295,-1186,-1240,,
"Berlin, Ägyptisches Museum und Papyrussammlung, P. 14149",5000703,https://aku-pal.uni-mainz.de/texts/5000703,14,Administrativer Text,Administrativer Text (Deliveries and/or deficits),"Neues Reich, 20. Dynastie, Ramses III., Regierungsjahr 17 – Neues Reich, 20. Dynastie, Ramses IV., Regierungsjahr 7",Neues Reich,-1168,-1147,-1158,,
"Kairo, Institut français d’archéologie orientale, 217",136999,https://aku-pal.uni-mainz.de/texts/136999,14,Administrativer Text,Administrativer Text (Deliveries and/or deficits; Duty roster; Events),"Neues Reich, 20. Dynastie, Ramses IV., Regierungsjahr 2",Neues Reich,-1152,-1151,-1152,,
"Berlin, Ägyptisches Museum und Papyrussammlung, P. 10842",5000702,https://aku-pal.uni-mainz.de/texts/5000702,14,Namenliste/Onomasticon,Namenliste/Onomasticon (Workmen's marks and numbers),"Neues Reich, 20. Dynastie, Ramses IV. – Neues Reich, 20. Dynastie, Ramses V.",Neues Reich,-1153,-1143,-1148,,
"Turin, Museo Egizio, CGT 54054",5000055,https://aku-pal.uni-mainz.de/texts/5000055,14,Magischer Text,Magischer Text,"Neues Reich, 20. Dynastie",Neues Reich,-1186,-1069,-1128,,
"New York City, Metropolitan Museum of Art, 13.182.33",5000968,https://aku-pal.uni-mainz.de/texts/5000968,14,Kemit,Kemit,"Neues Reich, 19. Dynastie – Neues Reich, 20. Dynastie",Neues Reich,-1295,-1069,-1182,,
"London, Petrie Museum of Egyptian Archaeology, UC 31944",5000980,https://aku-pal.uni-mainz.de/texts/5000980,14,Kemit,Kemit,"Neues Reich, 19. Dynastie – Neues Reich, 20. Dynastie",Neues Reich,-1295,-1069,-1182,,
"Kairo, Institut français d’archéologie orientale, 2549",5001022,https://aku-pal.uni-mainz.de/texts/5001022,14,Kemit,Kemit,"Neues Reich, 19. Dynastie – Neues Reich, 20. Dynastie",Neues Reich,-1295,-1069,-1182,,
"Kairo, Institut français d’archéologie orientale, 2557",5001054,https://aku-pal.uni-mainz.de/texts/5001054,14,Kemit,Kemit,"Neues Reich, 19. Dynastie – Neues Reich, 20. Dynastie",Neues Reich,-1295,-1069,-1182,,
"Kairo, Institut français d’archéologie orientale, OL 25",5001109,https://aku-pal.uni-mainz.de/texts/5001109,14,Kemit,Kemit,"Neues Reich, 19. Dynastie – Neues Reich, 20. Dynastie",Neues Reich,-1295,-1069,-1182,,
"Kairo, Institut français d’archéologie orientale, OL 35",5001116,https://aku-pal.uni-mainz.de/texts/5001116,14,Kemit,Kemit,"Neues Reich, 19. Dynastie – Neues Reich, 20. Dynastie",Neues Reich,-1295,-1069,-1182,,
"Berlin, Ägyptisches Museum und Papyrussammlung, P. 3025",5000038,https://aku-pal.uni-mainz.de/texts/5000038,13,Erzählung,Erzählung,"Mittleres Reich, 12. Dynastie, Amenemhet III.",Mittleres Reich,-1831,-1786,-1808,,
"Kairo, Institut français d’archéologie orientale, O. DeM 595",137454,https://aku-pal.uni-mainz.de/texts/137454,13,Administrativer Text,Administrativer Text (Deliveries and/or deficits of products (grain); Events),"Neues Reich, 19. Dynastie, Sethos II., Monat 3, Jahreszeit ꜣḫ.t, Tag 24",Neues Reich,-1200,-1194,-1197,,
D. Assiut N13.1 TS22,5000665,https://aku-pal.uni-mainz.de/texts/5000665,13,Opferformel ḥtp-ḏı͗-nsw.t,Opferformel ḥtp-ḏı͗-nsw.t (Scribe Men to Upuaut),"Neues Reich, 18. Dynastie",Neues Reich,-1550,-1295,-1422,,
"Berlin, Ägyptisches Museum und Papyrussammlung, P. 10500 A–B",5000698,https://aku-pal.uni-mainz.de/texts/5000698,13,Administrativer Text,Administrativer Text,"Altes Reich, 6. Dynastie",Altes Reich,-2345,-2181,-2263,,
"Köln, Seminar für Ägyptologie der Universität zu Köln, Aeg. 10207",57143,https://aku-pal.uni-mainz.de/texts/57143,13,Totenbuch,Totenbuch,"Spätzeit, 26. Dynastie",Spätzeit,-664,-525,-594,,
"Kairo, Institut français d’archéologie orientale, 214",136995,https://aku-pal.uni-mainz.de/texts/136995,13,Administrativer Text,Administrativer Text (Deliveries and/or deficits; Duty roster; Events),"Neues Reich, 20. Dynastie, Ramses IV., Regierungsjahr 1, Monat 3, Jahreszeit ꜣḫ.t, Tag 1 – Neues Reich, 20. Dynastie, Ramses IV., Regierungsjahr 1, Monat 3, Jahreszeit ꜣḫ.t, Tag 21",Neues Reich,-1153,-1152,-1152,,
O. Ramesseum 2008-APS-036,5000984,https://aku-pal.uni-mainz.de/texts/5000984,13,Kemit,Kemit,"Neues Reich, 19. Dynastie, Ramses II.",Neues Reich,-1279,-1213,-1246,,
D. Dahshur 03.467,5000987,https://aku-pal.uni-mainz.de/texts/5000987,13,Kemit,Kemit,"Neues Reich, 19. Dynastie – Neues Reich, 20. Dynastie",Neues Reich,-1295,-1069,-1182,,
"Kairo, Institut français d’archéologie orientale, 2597",5001026,https://aku-pal.uni-mainz.de/texts/5001026,13,Kemit,Kemit,"Neues Reich, 19. Dynastie – Neues Reich, 20. Dynastie",Neues Reich,-1295,-1069,-1182,,
"Kairo, Institut français d’archéologie orientale, 2577",5001042,https://aku-pal.uni-mainz.de/texts/5001042,13,Kemit,Kemit,"Neues Reich, 19. Dynastie – Neues Reich, 20. Dynastie",Neues Reich,-1295,-1069,-1182,,
"Oxford, Ashmolean Museum, ANAsh.Mus.H.O.422",5001148,https://aku-pal.uni-mainz.de/texts/5001148,13,Kemit,Kemit,"Neues Reich, 19. Dynastie – Neues Reich, 20. Dynastie",Neues Reich,-1295,-1069,-1182,,
"Oxford, Ashmolean Museum, ANAsh.Mus.H.O.944",5001158,https://aku-pal.uni-mainz.de/texts/5001158,13,Kemit,Kemit,"Neues Reich, 19. Dynastie – Neues Reich, 20. Dynastie",Neues Reich,-1295,-1069,-1182,,
"Moskau, State Pushkin Museum of Fine Arts, I, 1б 314 (Kol. 21)",5000743,https://aku-pal.uni-mainz.de/texts/5000743,12,Namenliste/Onomasticon,Namenliste/Onomasticon,"Zweite Zwischenzeit, 17. Dynastie",Zweite Zwischenzeit,-1580,-1550,-1565,,
"London, British Museum, EA 10053",380838,https://aku-pal.uni-mainz.de/texts/380838,12,Gerichtsurkunde/Zeugenaussage,Gerichtsurkunde/Zeugenaussage,"Neues Reich, 20. Dynastie, Ramses IX., Regierungsjahr 17",Neues Reich,-1110,-1109,-1110,,
D. Assiut N13.1 TN14a–e,5000489,https://aku-pal.uni-mainz.de/texts/5000489,12,Götternamen und -Titel,Götternamen und -Titel (beginnings),"Neues Reich, 18. Dynastie",Neues Reich,-1550,-1295,-1422,,
D. Assiut N13.1 TN31,5000514,https://aku-pal.uni-mainz.de/texts/5000514,12,Besuchertext,Besuchertext (Scribe Pasheri),"Neues Reich, 18. Dynastie",Neues Reich,-1550,-1295,-1422,,
D. Assiut N13.1 TS19,5000633,https://aku-pal.uni-mainz.de/texts/5000633,12,Opferformel ḥtp-ḏı͗-nsw.t,Opferformel ḥtp-ḏı͗-nsw.t (Iahmes),"Neues Reich, 18. Dynastie",Neues Reich,-1550,-1295,-1422,,
D. Assiut N13.1 TS44a–b,5000718,https://aku-pal.uni-mainz.de/texts/5000718,12,nicht spezifiziert,nicht spezifiziert,"Neues Reich, 19. Dynastie – Neues Reich, 20. Dynastie",Neues Reich,-1295,-1069,-1182,,
"Kairo, Institut français d’archéologie orientale, SA 2214",137701,https://aku-pal.uni-mainz.de/texts/137701,12,Administrativer Text,Administrativer Text (Deliveries and/or deficits of products),"Neues Reich, 19. Dynastie, Ramses II. – Neues Reich, 19. Dynastie, Sethos II., Regierungsjahr 2",Neues Reich,-1279,-1198,-1238,,
"London, British Museum, EA 10203",134540,https://aku-pal.uni-mainz.de/texts/134540,12,Totenbuch,Totenbuch,Dritte Zwischenzeit,Dritte Zwischenzeit,-1069,-664,-866,,
"Kairo, Institut français d’archéologie orientale, 2591",5001064,https://aku-pal.uni-mainz.de/texts/5001064,12,Kemit,Kemit,"Neues Reich, 19. Dynastie – Neues Reich, 20. Dynastie",Neues Reich,-1295,-1069,-1182,,
"Kairo, Institut français d’archéologie orientale, OL 6",5001078,https://aku-pal.uni-mainz.de/texts/5001078,12,Kemit,Kemit,"Neues Reich, 19. Dynastie – Neues Reich, 20. Dynastie",Neues Reich,-1295,-1069,-1182,,
"Kairo, Institut français d’archéologie orientale, OL 5",5001092,https://aku-pal.uni-mainz.de/texts/5001092,12,Kemit,Kemit,"Neues Reich, 19. Dynastie – Neues Reich, 20. Dynastie",Neues Reich,-1295,-1069,-1182,,
"Kairo, Institut français d’archéologie orientale, OL 28",5001112,https://aku-pal.uni-mainz.de/texts/5001112,12,Kemit,Kemit,"Neues Reich, 19. Dynastie – Neues Reich, 20. Dynastie",Neues Reich,-1295,-1069,-1182,,
"Oxford, Ashmolean Museum, ANAsh.Mus.H.O.1016",5001160,https://aku-pal.uni-mainz.de/texts/5001160,12,Kemit,Kemit,"Neues Reich, 19. Dynastie – Neues Reich, 20. Dynastie",Neues Reich,-1295,-1069,-1182,,
"Kairo, Institut français d’archéologie orientale, OL 6666 London, Petrie Museum of Egyptian Archaeology, UC 31953",5001199,https://aku-pal.uni-mainz.de/texts/5001199,12,Kemit,Kemit,"Neues Reich, 19. Dynastie – Neues Reich, 20. Dynastie",Neues Reich,-1295,-1069,-1182,,
"Berlin, Ägyptisches Museum und Papyrussammlung, P. 3050",5000049,https://aku-pal.uni-mainz.de/texts/5000049,11,Hymnus im Götterkult,Hymnus im Götterkult,"Dritte Zwischenzeit, 22.–23. Dynastie",Dritte Zwischenzeit,-945,-715,-830,,
"Berlin, Ägyptisches Museum und Papyrussammlung, P. 3014 + P. 3053",57067,https://aku-pal.uni-mainz.de/texts/57067,11,Ritualtext im Götterkult,Ritualtext im Götterkult,"Dritte Zwischenzeit, 22.–23. Dynastie",Dritte Zwischenzeit,-945,-715,-830,,
D. Abusir 6,5000350,https://aku-pal.uni-mainz.de/texts/5000350,11,Besuchertext,Besuchertext,"Neues Reich, 18. Dynastie, Thutmosis III.",Neues Reich,-1479,-1425,-1452,,
P. Abusir Berlin 03,5000392,https://aku-pal.uni-mainz.de/texts/5000392,11,Administrativer Text,Administrativer Text,"Altes Reich, 5. Dynastie, Neferirkare I.",Altes Reich,-2475,-2455,-2465,,
D. Assiut N13.1 TN8,5000486,https://aku-pal.uni-mainz.de/texts/5000486,11,Kemit,Kemit (Kemit),"Neues Reich, 18. Dynastie",Neues Reich,-1550,-1295,-1422,,
D. Assiut N13.1 TN12,5000488,https://aku-pal.uni-mainz.de/texts/5000488,11,Namensvermerk,Namensvermerk (Royal scribe Kaemwaset),"Neues Reich, 18. Dynastie, Thutmosis IV.",Neues Reich,-1400,-1390,-1395,,
"Kairo, Institut français d’archéologie orientale, SA 2646",137692,https://aku-pal.uni-mainz.de/texts/137692,11,Administrativer Text,Administrativer Text (Deliveries and/or deficits of products),"Neues Reich, 19. Dynastie, Ramses II., Regierungsjahr 56",Neues Reich,-1224,-1223,-1224,,
"Kairo, Institut français d’archéologie orientale, SA 363 / 5",137697,https://aku-pal.uni-mainz.de/texts/137697,11,Administrativer Text,Administrativer Text (Deliveries and/or deficits of products),"Neues Reich, 20. Dynastie, Ramses III., Regierungsjahr 24",Neues Reich,-1161,-1160,-1160,,
D. Assiut N13.1 TS17,5000662,https://aku-pal.uni-mainz.de/texts/5000662,11,Besuchertext,Besuchertext (beginnings),"Neues Reich, 18. Dynastie",Neues Reich,-1550,-1295,-1422,,
"Kairo, Institut français d’archéologie orientale, DeM 10339 recto",5000707,https://aku-pal.uni-mainz.de/texts/5000707,11,Administrativer Text,Administrativer Text (Deliveries and/or deficits of products),"Neues Reich, 20. Dynastie, Ramses IX., Regierungsjahr 17 – Neues Reich, 20. Dynastie, Ramses XI.",Neues Reich,-1110,-1069,-1090,,
"Berlin, Ägyptisches Museum und Papyrussammlung, P. 14666",140013,https://aku-pal.uni-mainz.de/texts/140013,11,Administrativer Text,Administrativer Text (Deliveries and/or deficits of products (fish)),"Neues Reich, 20. Dynastie, Ramses III., Regierungsjahr 31, Monat 2, Jahreszeit šm.w, Tag 3 – Neues Reich, 20. Dynastie, Ramses III., Regierungsjahr 31, Monat 2, Jahreszeit šm.w, Tag 4",Neues Reich,-1154,-1153,-1154,,
"London, British Museum, EA 10312",134548,https://aku-pal.uni-mainz.de/texts/134548,11,Totenbuch,Totenbuch,Dritte Zwischenzeit,Dritte Zwischenzeit,-1069,-664,-866,,
"New York City, Metropolitan Museum of Art, 13.182.32",5000967,https://aku-pal.uni-mainz.de/texts/5000967,11,Kemit,Kemit,"Neues Reich, 19. Dynastie – Neues Reich, 20. Dynastie",Neues Reich,-1295,-1069,-1182,,
"München, Staatliche Sammlung Ägyptischer Kunst, ÄS 1638",5000971,https://aku-pal.uni-mainz.de/texts/5000971,11,Kemit,Kemit,"Neues Reich, 19. Dynastie, Ramses II.",Neues Reich,-1279,-1213,-1246,,
"Oxford, Ashmolean Museum, ANAsh.Mus.H.O.572",5001012,https://aku-pal.uni-mainz.de/texts/5001012,11,Kemit,Kemit,"Neues Reich, 19. Dynastie – Neues Reich, 20. Dynastie",Neues Reich,-1295,-1069,-1182,,
"Kairo, Institut français d’archéologie orientale, OL 9",5001080,https://aku-pal.uni-mainz.de/texts/5001080,11,Kemit,Kemit,"Neues Reich, 19. Dynastie – Neues Reich, 20. Dynastie",Neues Reich,-1295,-1069,-1182,,
"Kairo, Institut français d’archéologie orientale, OL 22",5001081,https://aku-pal.uni-mainz.de/texts/5001081,11,Kemit,Kemit,"Neues Reich, 19. Dynastie – Neues Reich, 20. Dynastie",Neues Reich,-1295,-1069,-1182,,
"London, Petrie Museum of Egyptian Archaeology, UC 32190 + UC 32315",5001205,https://aku-pal.uni-mainz.de/texts/5001205,11,Rechnung,Rechnung,"Mittleres Reich, 12. Dynastie, Regierungsjahr 34",Mittleres Reich,-1952,-1951,-1952,,
"New York City, Metropolitan Museum of Art, 22.3.520",5000020,https://aku-pal.uni-mainz.de/texts/5000020,11,Administrativer Text,Administrativer Text,"Mittleres Reich, 12. Dynastie, Sesostris I.",Mittleres Reich,-1956,-1911,-1934,,
Strasbourg H,5000416,https://aku-pal.uni-mainz.de/texts/5000416,10,nicht spezifiziert,nicht spezifiziert,"Altes Reich, 6. Dynastie",Altes Reich,-2345,-2181,-2263,,
"Turin, Museo Egizio, CGT 57055",138941,https://aku-pal.uni-mainz.de/texts/138941,10,Administrativer Text,"Administrativer Text (Document of absence or presence, Account of materials, Events)","Neues Reich, 20. Dynastie, Ramses III., Regierungsjahr 24, Monat 1, Jahreszeit šm.w, Tag 18 – Neues Reich, 20. Dynastie, Ramses III., Regierungsjahr 24, Monat 1, Jahreszeit šm.w, Tag 25",Neues Reich,-1161,-1160,-1160,,
"Berlin, Ägyptisches Museum und Papyrussammlung, P. 3038",5000422,https://aku-pal.uni-mainz.de/texts/5000422,10,Medizinischer Text,Medizinischer Text,"Neues Reich, 19. Dynastie",Neues Reich,-1295,-1186,-1240,,
P. Abusir Berlin 04,5000432,https://aku-pal.uni-mainz.de/texts/5000432,10,Administrativer Text,Administrativer Text,"Altes Reich, 5. Dynastie, Neferirkare I.",Altes Reich,-2475,-2455,-2465,,
"London, British Museum, EA 10676",381090,https://aku-pal.uni-mainz.de/texts/381090,10,Sargtexte,Sargtexte,"Altes Reich, 6. Dynastie – Erste Zwischenzeit",Altes Reich,-2345,-2055,-2200,,
"Turin, Museo Egizio, CGT 57085",138960,https://aku-pal.uni-mainz.de/texts/138960,10,Administrativer Text,Administrativer Text (Recto: deliveries and/or defitics of bread and cakes. Verso: deliveries and/or deficits of wood.),"Neues Reich, 19. Dynastie, Monat 1, Jahreszeit ꜣḫ.t, Tag 4 – Neues Reich, 20. Dynastie, Monat 1, Jahreszeit ꜣḫ.t, Tag 8",Neues Reich,-1295,-1069,-1182,,
"Kairo, Institut français d’archéologie orientale, 1955",137714,https://aku-pal.uni-mainz.de/texts/137714,10,Administrativer Text,"Administrativer Text (Deliveries and/or deficits of products (fish, firewood))","Neues Reich, 19. Dynastie, Ramses II., Regierungsjahr 44",Neues Reich,-1236,-1235,-1236,,
D. Assiut N13.1 TAN4,5000674,https://aku-pal.uni-mainz.de/texts/5000674,10,Lehre,Lehre (Neferti),"Neues Reich, 18. Dynastie",Neues Reich,-1550,-1295,-1422,,
D. Assiut N13.1 TS29,5000714,https://aku-pal.uni-mainz.de/texts/5000714,10,Fürbitte,Fürbitte,"Neues Reich, 19. Dynastie – Neues Reich, 20. Dynastie",Neues Reich,-1295,-1069,-1182,,
D. Assiut N13.1 TW24,5000726,https://aku-pal.uni-mainz.de/texts/5000726,10,Historischer Vermerk,Historischer Vermerk,"Neues Reich, Regierungsjahr 3, Monat 1, Jahreszeit pr.t, Tag 1 – Neues Reich",Neues Reich,-1548,-1069,-1308,,
"Berlin, Ägyptisches Museum und Papyrussammlung, P. 14213",5000704,https://aku-pal.uni-mainz.de/texts/5000704,10,Administrativer Text,Administrativer Text (Gefäßetikett zur Lieferung von Schweinefett),"Neues Reich, 19. Dynastie, Sethos I., Regierungsjahr 1 – Neues Reich, 19. Dynastie, Sethos I., Regierungsjahr 2",Neues Reich,-1294,-1292,-1293,,
"Kairo, Institut français d’archéologie orientale, OL 19",5001104,https://aku-pal.uni-mainz.de/texts/5001104,10,Kemit,Kemit,"Neues Reich, 19. Dynastie – Neues Reich, 20. Dynastie",Neues Reich,-1295,-1069,-1182,,
"Kairo, Institut français d’archéologie orientale, OL 33",5001114,https://aku-pal.uni-mainz.de/texts/5001114,10,Kemit,Kemit,"Neues Reich, 19. Dynastie – Neues Reich, 20. Dynastie",Neues Reich,-1295,-1069,-1182,,
"Kairo, Institut français d’archéologie orientale, OL 36",5001117,https://aku-pal.uni-mainz.de/texts/5001117,10,Kemit,Kemit,"Neues Reich, 19. Dynastie – Neues Reich, 20. Dynastie",Neues Reich,-1295,-1069,-1182,,
"Oxford, Ashmolean Museum, ANAsh.Mus.H.O.592",5001149,https://aku-pal.uni-mainz.de/texts/5001149,10,Kemit,Kemit,"Neues Reich, 19. Dynastie – Neues Reich, 20. Dynastie",Neues Reich,-1295,-1069,-1182,,
"Oxford, Ashmolean Museum, ANAsh.Mus.H.O.955",5001159,https://aku-pal.uni-mainz.de/texts/5001159,10,Kemit,Kemit,"Neues Reich, 19. Dynastie – Neues Reich, 20. Dynastie",Neues Reich,-1295,-1069,-1182,,
"Kairo, Ägyptisches Museum, CG 58043",5000223,https://aku-pal.uni-mainz.de/texts/5000223,9,Brief,Brief (an einen Lebenden),"Altes Reich, 6. Dynastie, Pepi I.",Altes Reich,-2321,-2287,-2304,,
"Berlin, Ägyptisches Museum und Papyrussammlung, P. 3029 [c]",5000681,https://aku-pal.uni-mainz.de/texts/5000681,9,Rechnung,Rechnung (text c),"Neues Reich, 18. Dynastie, Amenhotep II.",Neues Reich,-1427,-1400,-1414,,
"Berlin, Pergamon Museum, VAT 233",5000329,https://aku-pal.uni-mainz.de/texts/5000329,9,Administrativer Text,Administrativer Text,"Neues Reich, 18. Dynastie, Amenhotep IV./Echnaton",Neues Reich,-1352,-1336,-1344,,
"Paris, Bibliothèque Nationale de France, Egyptien 203",5000258,https://aku-pal.uni-mainz.de/texts/5000258,9,Rechnung,Rechnung,"Neues Reich, 19. Dynastie, Sethos I.",Neues Reich,-1294,-1279,-1286,,
"London, Petrie Museum of Egyptian Archaeology, 32158",5000319,https://aku-pal.uni-mainz.de/texts/5000319,9,Erzählung,Erzählung (Contendings of Horus and Seth),"Mittleres Reich, 12. Dynastie, Amenemhet III. – Mittleres Reich, 12. Dynastie, Nefrusobek Kasobekre",Mittleres Reich,-1831,-1773,-1802,,
"Berlin, Ägyptisches Museum und Papyrussammlung, P. 15723",5000397,https://aku-pal.uni-mainz.de/texts/5000397,9,nicht spezifiziert,nicht spezifiziert,"Altes Reich, 6. Dynastie",Altes Reich,-2345,-2181,-2263,,
"London, British Museum, EA 10247",381199,https://aku-pal.uni-mainz.de/texts/381199,9,Literarischer Text,Literarischer Text (The Satirical Letter),"Neues Reich, 19. Dynastie, Sethos II.",Neues Reich,-1200,-1194,-1197,,
"Paris, Bibliothèque Nationale de France, Egyptien 210",5000445,https://aku-pal.uni-mainz.de/texts/5000445,9,Haushaltsliste,Haushaltsliste,"Neues Reich, 19. Dynastie, Sethos I., Regierungsjahr 3, Monat 1, Jahreszeit šm.w, Tag 22 – Neues Reich, 19. Dynastie, Sethos I., Regierungsjahr 3, Monat 1, Jahreszeit šm.w, Tag 25",Neues Reich,-1292,-1291,-1292,,
D. Assiut N13.1 TN20,5000509,https://aku-pal.uni-mainz.de/texts/5000509,9,Lehre,Lehre (beginning),"Neues Reich, 18. Dynastie",Neues Reich,-1550,-1295,-1422,,
D. Assiut N13.1 TS6,5000628,https://aku-pal.uni-mainz.de/texts/5000628,9,Signatur,Signatur (Scribe Khaemwaset (signature with drawing)),"Neues Reich, 18. Dynastie",Neues Reich,-1550,-1295,-1422,,
"Leiden, Rijksmuseum van Oudheden, H** 26",5000960,https://aku-pal.uni-mainz.de/texts/5000960,9,Nicht spezifizierter Funerärer Text,Nicht spezifizierter Funerärer Text (Totenschein),"Altes Reich, 4. Dynastie",Altes Reich,-2613,-2494,-2554,,
"Turin, Museo Egizio, CGT 57308",5000993,https://aku-pal.uni-mainz.de/texts/5000993,9,Kemit,Kemit,"Neues Reich, 19. Dynastie – Neues Reich, 20. Dynastie",Neues Reich,-1295,-1069,-1182,,
"Turin, Museo Egizio, CGT 57552",5000999,https://aku-pal.uni-mainz.de/texts/5000999,9,Kemit,Kemit,"Neues Reich, 19. Dynastie – Neues Reich, 20. Dynastie",Neues Reich,-1295,-1069,-1182,,
"Kairo, Institut français d’archéologie orientale, 2551",5001020,https://aku-pal.uni-mainz.de/texts/5001020,9,Kemit,Kemit,"Neues Reich, 19. Dynastie – Neues Reich, 20. Dynastie",Neues Reich,-1295,-1069,-1182,,
"Kairo, Institut français d’archéologie orientale, 2581",5001032,https://aku-pal.uni-mainz.de/texts/5001032,9,Kemit,Kemit,"Neues Reich, 19. Dynastie – Neues Reich, 20. Dynastie",Neues Reich,-1295,-1069,-1182,,
"Kairo, Institut français d’archéologie orientale, 2585",5001039,https://aku-pal.uni-mainz.de/texts/5001039,9,Kemit,Kemit,"Neues Reich, 19. Dynastie – Neues Reich, 20. Dynastie",Neues Reich,-1295,-1069,-1182,,
"Kairo, Institut français d’archéologie orientale, 2518",5001050,https://aku-pal.uni-mainz.de/texts/5001050,9,Kemit,Kemit,"Neues Reich, 19. Dynastie – Neues Reich, 20. Dynastie",Neues Reich,-1295,-1069,-1182,,
"Kairo, Institut français d’archéologie orientale, 2583",5001065,https://aku-pal.uni-mainz.de/texts/5001065,9,Kemit,Kemit,"Neues Reich, 19. Dynastie – Neues Reich, 20. Dynastie",Neues Reich,-1295,-1069,-1182,,
"Kairo, Institut français d’archéologie orientale, OL 24",5001106,https://aku-pal.uni-mainz.de/texts/5001106,9,Kemit,Kemit,"Neues Reich, 19. Dynastie – Neues Reich, 20. Dynastie",Neues Reich,-1295,-1069,-1182,,
"Kairo, Institut français d’archéologie orientale, OL 37",5001118,https://aku-pal.uni-mainz.de/texts/5001118,9,Kemit,Kemit,"Neues Reich, 19. Dynastie – Neues Reich, 20. Dynastie",Neues Reich,-1295,-1069,-1182,,
"Oxford, Ashmolean Museum, ANAsh.Mus.H.O.401",5001147,https://aku-pal.uni-mainz.de/texts/5001147,9,Kemit,Kemit,"Neues Reich, 19. Dynastie – Neues Reich, 20. Dynastie",Neues Reich,-1295,-1069,-1182,,
"Oxford, Ashmolean Museum, ANAsh.Mus.H.O.1077",5001166,https://aku-pal.uni-mainz.de/texts/5001166,9,Kemit,Kemit,"Neues Reich, 19. Dynastie – Neues Reich, 20. Dynastie",Neues Reich,-1295,-1069,-1182,,
"Paris, Bibliothèque Nationale de France, Egyptien 208",5000401,https://aku-pal.uni-mainz.de/texts/5000401,8,Haushaltsliste,Haushaltsliste,"Neues Reich, 19. Dynastie, Sethos I., Regierungsjahr 2, Monat 1, Jahreszeit ꜣḫ.t, Tag 7",Neues Reich,-1293,-1292,-1292,,
P. Strasbourg G,5000307,https://aku-pal.uni-mainz.de/texts/5000307,8,nicht spezifiziert,nicht spezifiziert,"Altes Reich, 6. Dynastie",Altes Reich,-2345,-2181,-2263,,
"Berlin, Ägyptisches Museum und Papyrussammlung, P. 10003",5000327,https://aku-pal.uni-mainz.de/texts/5000327,8,Administrativer Text,Administrativer Text,"Mittleres Reich, 12. Dynastie, Sesostris III., Regierungsjahr 9",Mittleres Reich,-1862,-1861,-1862,,
T. Bryce,5000361,https://aku-pal.uni-mainz.de/texts/5000361,8,Vertrag,Vertrag (contract),"Neues Reich, 18. Dynastie, Amenhotep II., Regierungsjahr 5",Neues Reich,-1423,-1422,-1422,,
"Berlin, Ägyptisches Museum und Papyrussammlung, P. 3024",5000736,https://aku-pal.uni-mainz.de/texts/5000736,8,Erzählung,Erzählung (Die Hirtengeschichte),"Mittleres Reich, 12. Dynastie, Amenemhet III.",Mittleres Reich,-1831,-1786,-1808,,
"Leiden, Rijksmuseum van Oudheden, AMS 27",5000418,https://aku-pal.uni-mainz.de/texts/5000418,8,nicht spezifiziert,nicht spezifiziert,"Neues Reich, 19. Dynastie",Neues Reich,-1295,-1186,-1240,,
D. Hatnub 19,5000426,https://aku-pal.uni-mainz.de/texts/5000426,8,nicht spezifiziert,nicht spezifiziert,"Erste Zwischenzeit, 9./10. Dynastie, Nehri I. (Nomarch), Regierungsjahr 5",Erste Zwischenzeit,-2160,-2025,-2092,,
D. Assiut N13.1 TN32,5000515,https://aku-pal.uni-mainz.de/texts/5000515,8,Historischer Vermerk,Historischer Vermerk,"Neues Reich, 18. Dynastie, Amenhotep III., Regierungsjahr 2",Neues Reich,-1389,-1388,-1388,,
D. Assiut N13.1 TBS3,5000678,https://aku-pal.uni-mainz.de/texts/5000678,8,Opferformel ḥtp-ḏı͗-nsw.t,Opferformel ḥtp-ḏı͗-nsw.t (Scribe Khaemwaset to Upuaut),"Neues Reich, 18. Dynastie",Neues Reich,-1550,-1295,-1422,,
"Turin, Museo Egizio, CGT 57257",139053,https://aku-pal.uni-mainz.de/texts/139053,8,Administrativer Text,Administrativer Text (Name stone),"Neues Reich, 19. Dynastie – Neues Reich, 20. Dynastie",Neues Reich,-1295,-1069,-1182,,
D. Assiut N13.1 TN27,5000734,https://aku-pal.uni-mainz.de/texts/5000734,8,Besuchertext,Besuchertext,"Neues Reich, 18. Dynastie",Neues Reich,-1550,-1295,-1422,,
G2T,5000741,https://aku-pal.uni-mainz.de/texts/5000741,8,Sargtexte,Sargtexte,Erste Zwischenzeit,Erste Zwischenzeit,-2160,-2055,-2108,,
"Turin, Museo Egizio, CGT 57429",139128,https://aku-pal.uni-mainz.de/texts/139128,8,Administrativer Text,Administrativer Text,"Neues Reich, 19. Dynastie, Ramses II.",Neues Reich,-1279,-1213,-1246,,
"London, British Museum, EA 10760",381066,https://aku-pal.uni-mainz.de/texts/381066,8,Magischer Text,Magischer Text,"Mittleres Reich, 12. Dynastie – Zweite Zwischenzeit, 13. Dynastie",Mittleres Reich,-1985,-1650,-1818,,
"London, British Museum, EA 9901",134351,https://aku-pal.uni-mainz.de/texts/134351,8,Totenbuch,Totenbuch,"Neues Reich, 19. Dynastie, Sethos I. – Neues Reich, 19. Dynastie, Ramses II.",Neues Reich,-1294,-1213,-1254,,
"New York City, Metropolitan Museum of Art, 15.3.988",5000970,https://aku-pal.uni-mainz.de/texts/5000970,8,Kemit,Kemit,"Mittleres Reich, 12. Dynastie – Zweite Zwischenzeit, 13. Dynastie",Mittleres Reich,-1985,-1650,-1818,,
"Prag, Náprstek Museum, P 3826",5000977,https://aku-pal.uni-mainz.de/texts/5000977,8,Kemit,Kemit,"Neues Reich, 19. Dynastie – Neues Reich, 20. Dynastie",Neues Reich,-1295,-1069,-1182,,
"London, Petrie Museum of Egyptian Archaeology, UC 31913",5000979,https://aku-pal.uni-mainz.de/texts/5000979,8,Kemit,Kemit,"Neues Reich, 19. Dynastie – Neues Reich, 20. Dynastie",Neues Reich,-1295,-1069,-1182,,
"London, Petrie Museum of Egyptian Archaeology, UC 31946",5000983,https://aku-pal.uni-mainz.de/texts/5000983,8,Kemit,Kemit,"Neues Reich, 19. Dynastie – Neues Reich, 20. Dynastie",Neues Reich,-1295,-1069,-1182,,
O. Deir el-Bahri T3.L11,5001002,https://aku-pal.uni-mainz.de/texts/5001002,8,Kemit,Kemit,"Neues Reich, 18. Dynastie – Neues Reich, 20. Dynastie",Neues Reich,-1550,-1069,-1310,,
"Kairo, Institut français d’archéologie orientale, 2548",5001025,https://aku-pal.uni-mainz.de/texts/5001025,8,Kemit,Kemit,"Neues Reich, 19. Dynastie – Neues Reich, 20. Dynastie",Neues Reich,-1295,-1069,-1182,,
"Kairo, Institut français d’archéologie orientale, 2584",5001034,https://aku-pal.uni-mainz.de/texts/5001034,8,Kemit,Kemit,"Neues Reich, 19. Dynastie – Neues Reich, 20. Dynastie",Neues Reich,-1295,-1069,-1182,,
"Kairo, Institut français d’archéologie orientale, 2609",5001040,https://aku-pal.uni-mainz.de/texts/5001040,8,Kemit,Kemit,"Neues Reich, 19. Dynastie – Neues Reich, 20. Dynastie",Neues Reich,-1295,-1069,-1182,,
"Kairo, Institut français d’archéologie orientale, 2587",5001067,https://aku-pal.uni-mainz.de/texts/5001067,8,Kemit,Kemit,"Neues Reich, 19. Dynastie – Neues Reich, 20. Dynastie",Neues Reich,-1295,-1069,-1182,,
"Kairo, Institut français d’archéologie orientale, OL 48",5001086,https://aku-pal.uni-mainz.de/texts/5001086,8,Kemit,Kemit,"Neues Reich, 19. Dynastie – Neues Reich, 20. Dynastie",Neues Reich,-1295,-1069,-1182,,
"Kairo, Institut français d’archéologie orientale, OL 18",5001094,https://aku-pal.uni-mainz.de/texts/5001094,8,Kemit,Kemit,"Neues Reich, 19. Dynastie – Neues Reich, 20. Dynastie",Neues Reich,-1295,-1069,-1182,,
"Kairo, Institut français d’archéologie orientale, OL 11",5001098,https://aku-pal.uni-mainz.de/texts/5001098,8,Kemit,Kemit,"Neues Reich, 19. Dynastie – Neues Reich, 20. Dynastie",Neues Reich,-1295,-1069,-1182,,
"Kairo, Institut français d’archéologie orientale, OL 15",5001103,https://aku-pal.uni-mainz.de/texts/5001103,8,Kemit,Kemit,"Neues Reich, 19. Dynastie – Neues Reich, 20. Dynastie",Neues Reich,-1295,-1069,-1182,,
"Cambridge, Fitzwilliam Museum, E.76.1926",5001130,https://aku-pal.uni-mainz.de/texts/5001130,8,Kemit,Kemit,"Neues Reich, 19. Dynastie – Neues Reich, 20. Dynastie",Neues Reich,-1295,-1069,-1182,,
"Oxford, Ashmolean Museum, ANAsh.Mus.H.O.393",5001146,https://aku-pal.uni-mainz.de/texts/5001146,8,Kemit,Kemit,"Neues Reich, 19. Dynastie – Neues Reich, 20. Dynastie",Neues Reich,-1295,-1069,-1182,,
"Oxford, Ashmolean Museum, ANAsh.Mus.H.O.868",5001152,https://aku-pal.uni-mainz.de/texts/5001152,8,Kemit,Kemit,"Neues Reich, 19. Dynastie – Neues Reich, 20. Dynastie",Neues Reich,-1295,-1069,-1182,,
"Oxford, Ashmolean Museum, ANAsh.Mus.H.O.927",5001153,https://aku-pal.uni-mainz.de/texts/5001153,8,Kemit,Kemit,"Neues Reich, 19. Dynastie – Neues Reich, 20. Dynastie",Neues Reich,-1295,-1069,-1182,,
"Leipzig, Ägyptisches Museum der Universität Leipzig – Georg Steindorff, 495",5000348,https://aku-pal.uni-mainz.de/texts/5000348,7,Namenliste/Onomasticon,Namenliste/Onomasticon,"Neues Reich, 18. Dynastie, Thutmosis III.",Neues Reich,-1479,-1425,-1452,,
"Berlin, Ägyptisches Museum und Papyrussammlung, P. 9874",5000297,https://aku-pal.uni-mainz.de/texts/5000297,7,Namenliste/Onomasticon,Namenliste/Onomasticon (names),"Altes Reich, 5. Dynastie, Niuserre",Altes Reich,-2445,-2421,-2433,,
D. Hatnub 3,5000363,https://aku-pal.uni-mainz.de/texts/5000363,7,Biographischer Text,Biographischer Text,"Altes Reich, 6. Dynastie, Pepi II.",Altes Reich,-2278,-2184,-2231,,
"Berlin, Ägyptisches Museum und Papyrussammlung, P. 3027",5000064,https://aku-pal.uni-mainz.de/texts/5000064,7,Magischer Text,Magischer Text,"Neues Reich, 18. Dynastie",Neues Reich,-1550,-1295,-1422,,
"London, British Museum, EA 10246 (1-5)",381200,https://aku-pal.uni-mainz.de/texts/381200,7,Literarischer Text,Literarischer Text,"Neues Reich, 19. Dynastie, Merenptah, Regierungsjahr 3",Neues Reich,-1211,-1210,-1210,,
"Leiden, Rijksmuseum van Oudheden, AMS 38 b",139422,https://aku-pal.uni-mainz.de/texts/139422,7,Brief,Brief (an einen Lebenden),"Neues Reich, 20. Dynastie, Ramses XI., Regierungsjahr 6",Neues Reich,-1094,-1093,-1094,,
"London, British Museum, EA 10274 ro",381275,https://aku-pal.uni-mainz.de/texts/381275,7,Literarischer Text,Literarischer Text (Eloquent Peasant),"Mittleres Reich, 12. Dynastie",Mittleres Reich,-1985,-1773,-1879,,
D. Assiut N13.1 TN6,5000485,https://aku-pal.uni-mainz.de/texts/5000485,7,Kemit,Kemit,"Neues Reich, 18. Dynastie",Neues Reich,-1550,-1295,-1422,,
D. Assiut N13.1 TN22,5000510,https://aku-pal.uni-mainz.de/texts/5000510,7,Lehre,Lehre (beginning),"Neues Reich, 18. Dynastie",Neues Reich,-1550,-1295,-1422,,
"Kairo, Institut français d’archéologie orientale, 652",137091,https://aku-pal.uni-mainz.de/texts/137091,7,Administrativer Text,Administrativer Text (Deliveries and deficits of products),"Neues Reich, 20. Dynastie, Ramses III., Regierungsjahr 24, Monat 3, Jahreszeit pr.t, Tag 29",Neues Reich,-1161,-1160,-1160,,
D. Assiut N13.1 TAN2,5000672,https://aku-pal.uni-mainz.de/texts/5000672,7,Besuchertext,Besuchertext (Scribe Khaemwaset),"Neues Reich, 18. Dynastie",Neues Reich,-1550,-1295,-1422,,
"Turin, Museo Egizio, CGT 57204",139026,https://aku-pal.uni-mainz.de/texts/139026,7,Administrativer Text,Administrativer Text (Events),"Neues Reich, 20. Dynastie, Ramses III., Regierungsjahr 27, Monat 1, Jahreszeit pr.t, Tag 24",Neues Reich,-1158,-1157,-1158,,
"Turin, Museo Egizio, CGT 57256",139052,https://aku-pal.uni-mainz.de/texts/139052,7,Administrativer Text,Administrativer Text (Name stone),"Neues Reich, 20. Dynastie",Neues Reich,-1186,-1069,-1128,,
"Albany (NY), Albany Institute of History & Art, 1900.3.1 Kairo, Ägyptisches Museum, JE 95649 + JE 95714 Marseille, Musée d'Archéologie Mediterranéenne, 291 + 91 / 2 / 1",57694,https://aku-pal.uni-mainz.de/texts/57694,7,Totenbuch,Totenbuch,"Spätzeit, 26. Dynastie",Spätzeit,-664,-525,-594,,
"Turin, Museo Egizio, CGT 54003",5000050,https://aku-pal.uni-mainz.de/texts/5000050,7,Magischer Text,Magischer Text,"Mittleres Reich, 11. Dynastie (nach der Reichseinigung) – Mittleres Reich, 12. Dynastie",Mittleres Reich,-2055,-1773,-1914,,
"Berlin, Ägyptisches Museum und Papyrussammlung, P. 14614",140004,https://aku-pal.uni-mainz.de/texts/140004,7,Administrativer Text,Administrativer Text (Deliveries and/or deficits of products (grain)),"Neues Reich, 19. Dynastie – Neues Reich, 20. Dynastie",Neues Reich,-1295,-1069,-1182,,
"Turin, Museo Egizio, CGT 57003 vo",5000742,https://aku-pal.uni-mainz.de/texts/5000742,7,Hymnus im Götterkult,Hymnus im Götterkult,"Neues Reich, 19. Dynastie – Neues Reich, 20. Dynastie",Neues Reich,-1295,-1069,-1182,,
"Leipzig, Ägyptisches Museum der Universität Leipzig – Georg Steindorff, 1926",5000961,https://aku-pal.uni-mainz.de/texts/5000961,7,Kemit,Kemit,"Neues Reich, 19. Dynastie – Neues Reich, 20. Dynastie",Neues Reich,-1295,-1069,-1182,,
O. SMDAN,5000973,https://aku-pal.uni-mainz.de/texts/5000973,7,Kemit,Kemit,"Neues Reich, 18. Dynastie",Neues Reich,-1550,-1295,-1422,,
"Turin, Museo Egizio, CGT 57054",5000989,https://aku-pal.uni-mainz.de/texts/5000989,7,Kemit,Kemit,"Neues Reich, 19. Dynastie – Neues Reich, 20. Dynastie",Neues Reich,-1295,-1069,-1182,,
"Turin, Museo Egizio, CGT 57286",5000991,https://aku-pal.uni-mainz.de/texts/5000991,7,Kemit,Kemit,"Neues Reich, 19. Dynastie – Neues Reich, 20. Dynastie",Neues Reich,-1295,-1069,-1182,,
"Turin, Museo Egizio, CGT 57553",5001000,https://aku-pal.uni-mainz.de/texts/5001000,7,Kemit,Kemit,"Neues Reich, 19. Dynastie – Neues Reich, 20. Dynastie",Neues Reich,-1295,-1069,-1182,,
"Kairo, Institut français d’archéologie orientale, 2546",5001017,https://aku-pal.uni-mainz.de/texts/5001017,7,Kemit,Kemit,"Neues Reich, 19. Dynastie – Neues Reich, 20. Dynastie",Neues Reich,-1295,-1069,-1182,,
"Kairo, Institut français d’archéologie orientale, 2547",5001024,https://aku-pal.uni-mainz.de/texts/5001024,7,Kemit,Kemit,"Neues Reich, 19. Dynastie – Neues Reich, 20. Dynastie",Neues Reich,-1295,-1069,-1182,,
"Kairo, Institut français d’archéologie orientale, 2563",5001028,https://aku-pal.uni-mainz.de/texts/5001028,7,Kemit,Kemit,"Neues Reich, 19. Dynastie – Neues Reich, 20. Dynastie",Neues Reich,-1295,-1069,-1182,,
"Kairo, Institut français d’archéologie orientale, OL 50",5001087,https://aku-pal.uni-mainz.de/texts/5001087,7,Kemit,Kemit,"Neues Reich, 19. Dynastie – Neues Reich, 20. Dynastie",Neues Reich,-1295,-1069,-1182,,
"Kairo, Institut français d’archéologie orientale, OL 13",5001101,https://aku-pal.uni-mainz.de/texts/5001101,7,Kemit,Kemit,"Neues Reich, 19. Dynastie – Neues Reich, 20. Dynastie",Neues Reich,-1295,-1069,-1182,,
"Kairo, Institut français d’archéologie orientale, OL 32",5001113,https://aku-pal.uni-mainz.de/texts/5001113,7,Kemit,Kemit,"Neues Reich, 19. Dynastie – Neues Reich, 20. Dynastie",Neues Reich,-1295,-1069,-1182,,
"Kairo, Institut français d’archéologie orientale, OL 40",5001122,https://aku-pal.uni-mainz.de/texts/5001122,7,Kemit,Kemit,"Neues Reich, 19. Dynastie – Neues Reich, 20. Dynastie",Neues Reich,-1295,-1069,-1182,,
"Florenz, Museo Egizio, 7138",5001170,https://aku-pal.uni-mainz.de/texts/5001170,7,Kemit,Kemit,"Neues Reich, 18. Dynastie – Neues Reich, 20. Dynastie",Neues Reich,-1550,-1069,-1310,,
"Berkeley (CA), University of California - Bancroft Library, P.Hearst.0001",5000269,https://aku-pal.uni-mainz.de/texts/5000269,6,Medizinischer Text,Medizinischer Text,"Mittleres Reich, 11. Dynastie (nach der Reichseinigung) – Zweite Zwischenzeit",Mittleres Reich,-2055,-1550,-1802,,
"Berlin, Ägyptisches Museum und Papyrussammlung, P. 11292",5000098,https://aku-pal.uni-mainz.de/texts/5000098,6,Materialliste,Materialliste,"Neues Reich, 18. Dynastie, Thutmosis III., Jahreszeit pr.t",Neues Reich,-1479,-1425,-1452,,
"Berlin, Ägyptisches Museum und Papyrussammlung, P. 10498",5000325,https://aku-pal.uni-mainz.de/texts/5000325,6,Rechnung,Rechnung,"Neues Reich, 18. Dynastie, Amenhotep III. – Neues Reich, 18. Dynastie, Amenhotep IV./Echnaton",Neues Reich,-1390,-1336,-1363,,
"Paris, Musée du Louvre, E 4892",5000415,https://aku-pal.uni-mainz.de/texts/5000415,6,Erzählung,Erzählung (Battle of Kadesh),"Neues Reich, 19. Dynastie, Merenptah – Neues Reich, 19. Dynastie, Sethos II.",Neues Reich,-1213,-1194,-1204,,
"London, Petrie Museum of Egyptian Archaeology, 32170",5000315,https://aku-pal.uni-mainz.de/texts/5000315,6,Rechnung,Rechnung,"Mittleres Reich, 12. Dynastie, Amenemhet III. – Mittleres Reich, 12. Dynastie, Nefrusobek Kasobekre",Mittleres Reich,-1831,-1773,-1802,,
"Leiden, Rijksmuseum van Oudheden, AMS 26 a",5000419,https://aku-pal.uni-mainz.de/texts/5000419,6,nicht spezifiziert,nicht spezifiziert,"Neues Reich, 19. Dynastie",Neues Reich,-1295,-1186,-1240,,
"Berlin, Ägyptisches Museum und Papyrussammlung, P. 15726",5000431,https://aku-pal.uni-mainz.de/texts/5000431,6,nicht spezifiziert,nicht spezifiziert,"Altes Reich, 5. Dynastie, Neferirkare I.",Altes Reich,-2475,-2455,-2465,,
P. Strasbourg Bc,5000648,https://aku-pal.uni-mainz.de/texts/5000648,6,nicht spezifiziert,nicht spezifiziert,"Altes Reich, 6. Dynastie",Altes Reich,-2345,-2181,-2263,,
"London, British Museum, EA 30840",5000140,https://aku-pal.uni-mainz.de/texts/5000140,6,Sargtexte,Sargtexte,"Mittleres Reich, 12. Dynastie, Sesostris II. – Mittleres Reich, 12. Dynastie, Sesostris III.",Mittleres Reich,-1877,-1831,-1854,,
"Turin, Museo Egizio, CGT 57206",139027,https://aku-pal.uni-mainz.de/texts/139027,6,Administrativer Text,Administrativer Text (Name stone),"Neues Reich, 19. Dynastie – Neues Reich, 20. Dynastie",Neues Reich,-1295,-1069,-1182,,
D. Assiut N13.1 TBS4,5000679,https://aku-pal.uni-mainz.de/texts/5000679,6,Opferformel ḥtp-ḏı͗-nsw.t,Opferformel ḥtp-ḏı͗-nsw.t (Scribe Men to Upuaut),"Neues Reich, 18. Dynastie",Neues Reich,-1550,-1295,-1422,,
D. Assiut N13.1 TS48,5000721,https://aku-pal.uni-mainz.de/texts/5000721,6,Namensvermerk,Namensvermerk (Nefer (?)),"Neues Reich, 19. Dynastie – Neues Reich, 20. Dynastie",Neues Reich,-1295,-1069,-1182,,
"Kairo, Institut français d’archéologie orientale, SA 357",137710,https://aku-pal.uni-mainz.de/texts/137710,6,Administrativer Text,Administrativer Text (Deliveries and/or deficits of products (fish)),"Neues Reich, 20. Dynastie, Ramses III., Regierungsjahr 30, Monat 1, Jahreszeit šm.w, Tag 2 – Neues Reich, 20. Dynastie, Ramses III., Regierungsjahr 30, Monat 1, Jahreszeit šm.w, Tag 14",Neues Reich,-1155,-1154,-1154,,
"Leiden, Rijksmuseum van Oudheden, H** 25",5000959,https://aku-pal.uni-mainz.de/texts/5000959,6,Nicht spezifizierter Funerärer Text,Nicht spezifizierter Funerärer Text (Totenschein),"Altes Reich, 4. Dynastie",Altes Reich,-2613,-2494,-2554,,
"Kairo, Institut français d’archéologie orientale, 2586",5001035,https://aku-pal.uni-mainz.de/texts/5001035,6,Kemit,Kemit,"Neues Reich, 19. Dynastie – Neues Reich, 20. Dynastie",Neues Reich,-1295,-1069,-1182,,
"Kairo, Institut français d’archéologie orientale, 2590",5001037,https://aku-pal.uni-mainz.de/texts/5001037,6,Kemit,Kemit,"Neues Reich, 19. Dynastie – Neues Reich, 20. Dynastie",Neues Reich,-1295,-1069,-1182,,
O. Deir el-Bahri T3.L12,5001072,https://aku-pal.uni-mainz.de/texts/5001072,6,Kemit,Kemit,"Neues Reich, 18. Dynastie – Neues Reich, 20. Dynastie",Neues Reich,-1550,-1069,-1310,,
"Kairo, Institut français d’archéologie orientale, OL 20",5001097,https://aku-pal.uni-mainz.de/texts/5001097,6,Kemit,Kemit,"Neues Reich, 19. Dynastie – Neues Reich, 20. Dynastie",Neues Reich,-1295,-1069,-1182,,
"Kairo, Institut français d’archéologie orientale, OL 29",5001111,https://aku-pal.uni-mainz.de/texts/5001111,6,Kemit,Kemit,"Neues Reich, 19. Dynastie – Neues Reich, 20. Dynastie",Neues Reich,-1295,-1069,-1182,,
"Kairo, Institut français d’archéologie orientale, OL 43",5001123,https://aku-pal.uni-mainz.de/texts/5001123,6,Kemit,Kemit,"Neues Reich, 19. Dynastie – Neues Reich, 20. Dynastie",Neues Reich,-1295,-1069,-1182,,
O. DEM_2018_M25_038,5001127,https://aku-pal.uni-mainz.de/texts/5001127,6,Kemit,Kemit,"Neues Reich, 19. Dynastie – Neues Reich, 20. Dynastie",Neues Reich,-1295,-1069,-1182,,
O. DEM_2019_M25_122,5001128,https://aku-pal.uni-mainz.de/texts/5001128,6,Kemit,Kemit,"Neues Reich, 19. Dynastie – Neues Reich, 20. Dynastie",Neues Reich,-1295,-1069,-1182,,
O. DEM_2019_M25_125,5001138,https://aku-pal.uni-mainz.de/texts/5001138,6,Kemit,Kemit,"Neues Reich, 19. Dynastie – Neues Reich, 20. Dynastie",Neues Reich,-1295,-1069,-1182,,
Beit Khallaf K1.3,5001210,https://aku-pal.uni-mainz.de/texts/5001210,6,nicht spezifiziert,nicht spezifiziert,"Altes Reich, 3. Dynastie, Djoser (Netjerichet)",Altes Reich,-2667,-2648,-2658,,
Beit Khallaf K1.1,5001211,https://aku-pal.uni-mainz.de/texts/5001211,6,nicht spezifiziert,nicht spezifiziert,"Altes Reich, 3. Dynastie, Djoser (Netjerichet) – Altes Reich, 3. Dynastie, Nebka (Sanacht)",Altes Reich,-2667,-2667,-2667,,
Beit Khallaf K5.16,5001217,https://aku-pal.uni-mainz.de/texts/5001217,6,nicht spezifiziert,nicht spezifiziert,"Altes Reich, 3. Dynastie, Djoser (Netjerichet) – Altes Reich, 3. Dynastie, Nebka (Sanacht)",Altes Reich,-2667,-2667,-2667,,
"New York City, Metropolitan Museum of Art, 22.3.521",5000021,https://aku-pal.uni-mainz.de/texts/5000021,6,Rechnung,Rechnung,"Mittleres Reich, 12. Dynastie, Sesostris I.",Mittleres Reich,-1956,-1911,-1934,,
"London, Petrie Museum of Egyptian Archaeology, UC 32179",5000286,https://aku-pal.uni-mainz.de/texts/5000286,5,Rechnung,Rechnung,"Mittleres Reich, 12. Dynastie, Amenemhet III., Regierungsjahr 1",Mittleres Reich,-1831,-1830,-1830,,
"Straßburg, Bibliothèque nationale et universitaire de Strasbourg, 54",5000306,https://aku-pal.uni-mainz.de/texts/5000306,5,nicht spezifiziert,nicht spezifiziert,"Altes Reich, 6. Dynastie",Altes Reich,-2345,-2181,-2263,,
D. Hatnub 6,5000362,https://aku-pal.uni-mainz.de/texts/5000362,5,Biographischer Text,Biographischer Text,"Altes Reich, 6. Dynastie, Pepi II.",Altes Reich,-2278,-2184,-2231,,
D. Hatnub 18,5000364,https://aku-pal.uni-mainz.de/texts/5000364,5,Biographischer Text,Biographischer Text,"Erste Zwischenzeit, 9./10. Dynastie, Nehri I. (Nomarch), Regierungsjahr 5",Erste Zwischenzeit,-2160,-2025,-2092,,
"Straßburg, Bibliothèque nationale et universitaire de Strasbourg, 52",5000650,https://aku-pal.uni-mainz.de/texts/5000650,5,nicht spezifiziert,nicht spezifiziert,"Altes Reich, 6. Dynastie",Altes Reich,-2345,-2181,-2263,,
"Turin, Museo Egizio, CGT 57034",138925,https://aku-pal.uni-mainz.de/texts/138925,5,Administrativer Text,"Administrativer Text (Account of materials, Events)","Neues Reich, 20. Dynastie, Ramses III., Regierungsjahr 22, Monat 2, Jahreszeit šm.w, Tag 4 – Neues Reich, 20. Dynastie, Ramses III., Regierungsjahr 22, Monat 2, Jahreszeit šm.w, Tag 28",Neues Reich,-1163,-1162,-1162,,
D. Abusir Steinmetzaufschrift,5000434,https://aku-pal.uni-mainz.de/texts/5000434,5,nicht spezifiziert,nicht spezifiziert,"Altes Reich, 5. Dynastie",Altes Reich,-2494,-2345,-2420,,
"London, British Museum, EA 10102",381249,https://aku-pal.uni-mainz.de/texts/381249,5,Brief,Brief (an einen Lebenden),"Neues Reich, 18. Dynastie, Thutmosis III.",Neues Reich,-1479,-1425,-1452,,
D. Assiut N13.1 TN29,5000493,https://aku-pal.uni-mainz.de/texts/5000493,5,Signatur,"Signatur (Scribe Men, signature in drawing of a lion)","Neues Reich, 18. Dynastie",Neues Reich,-1550,-1295,-1422,,
D. Assiut N13.1 TN23,5000511,https://aku-pal.uni-mainz.de/texts/5000511,5,Besuchertext,Besuchertext,"Neues Reich, 18. Dynastie",Neues Reich,-1550,-1295,-1422,,
D. Assiut N13.1 TN24,5000512,https://aku-pal.uni-mainz.de/texts/5000512,5,Lehre,Lehre (Amenemhet),"Neues Reich, 18. Dynastie",Neues Reich,-1550,-1295,-1422,,
D. Assiut N13.1 TN26,5000513,https://aku-pal.uni-mainz.de/texts/5000513,5,Besuchertext,Besuchertext (Scribe Khaemwaset),"Neues Reich, 18. Dynastie",Neues Reich,-1550,-1295,-1422,,
D. Hatnub 11,5000570,https://aku-pal.uni-mainz.de/texts/5000570,5,Nichtköniglicher Historischer Text,Nichtköniglicher Historischer Text,"Erste Zwischenzeit, 9./10. Dynastie, Ahanacht (Nomarch), Regierungsjahr 30",Erste Zwischenzeit,-2160,-1650,-1905,,
P. Abusir Berlin 7/D,5000592,https://aku-pal.uni-mainz.de/texts/5000592,5,Administrativer Text,Administrativer Text,"Altes Reich, 5. Dynastie, Djedkare",Altes Reich,-2414,-2375,-2394,,
"Turin, Museo Egizio, CGT 57015",138910,https://aku-pal.uni-mainz.de/texts/138910,5,Administrativer Text,Administrativer Text (Name stone),"Neues Reich, 19. Dynastie – Neues Reich, 20. Dynastie",Neues Reich,-1295,-1069,-1182,,
D. Assiut N13.1 TAN1,5000671,https://aku-pal.uni-mainz.de/texts/5000671,5,nicht spezifiziert,nicht spezifiziert (praise to Hapi(?)),"Neues Reich, 18. Dynastie",Neues Reich,-1550,-1295,-1422,,
D. Assiut N13.1 TBN1,5000684,https://aku-pal.uni-mainz.de/texts/5000684,5,Lehre,"Lehre (Kairsu, loyalistic)","Neues Reich, 18. Dynastie",Neues Reich,-1550,-1295,-1422,,
"Berlin, Ägyptisches Museum und Papyrussammlung, P. 9901",136285,https://aku-pal.uni-mainz.de/texts/136285,5,Namenliste/Onomasticon,Namenliste/Onomasticon,"Neues Reich, 20. Dynastie",Neues Reich,-1186,-1069,-1128,,
D. Assiut N13.1 TS47,5000720,https://aku-pal.uni-mainz.de/texts/5000720,5,Namensvermerk,Namensvermerk,"Neues Reich, 19. Dynastie – Neues Reich, 20. Dynastie",Neues Reich,-1295,-1069,-1182,,
D. Assiut N13.1 TW34,5000730,https://aku-pal.uni-mainz.de/texts/5000730,5,nicht spezifiziert,nicht spezifiziert (name mentioned: son of Nebnefer),Neues Reich,Neues Reich,-1550,-1069,-1310,,
"Berlin, Ägyptisches Museum und Papyrussammlung, P. 3013 A-B",134391,https://aku-pal.uni-mainz.de/texts/134391,5,Totenbuch,Totenbuch,"Dritte Zwischenzeit, 21. Dynastie – Dritte Zwischenzeit, 22.–23. Dynastie",Dritte Zwischenzeit,-1069,-715,-892,,
"Turin, Museo Egizio, CGT 57125",138983,https://aku-pal.uni-mainz.de/texts/138983,5,nicht spezifiziert,nicht spezifiziert,"Neues Reich, 20. Dynastie, Ramses III. – Neues Reich, 20. Dynastie, Ramses IV.",Neues Reich,-1184,-1147,-1166,,
"London, British Museum, EA 10471 + EA 10473",133529,https://aku-pal.uni-mainz.de/texts/133529,5,Totenbuch,Totenbuch,"Neues Reich, 18. Dynastie, Aja – Neues Reich, 19. Dynastie, Ramses I.",Neues Reich,-1327,-1294,-1310,,
"London, Petrie Museum of Egyptian Archaeology, UC 31945",5000982,https://aku-pal.uni-mainz.de/texts/5000982,5,Kemit,Kemit,"Neues Reich, 19. Dynastie – Neues Reich, 20. Dynastie",Neues Reich,-1295,-1069,-1182,,
"Chicago, Institute for the Study of Ancient Cultures Museum, E25378",5001006,https://aku-pal.uni-mainz.de/texts/5001006,5,Kemit,Kemit,"Neues Reich, 18. Dynastie – Neues Reich, 20. Dynastie",Neues Reich,-1550,-1069,-1310,,
"Oxford, Ashmolean Museum, ANAsh.Mus.H.O.456",5001009,https://aku-pal.uni-mainz.de/texts/5001009,5,Kemit,Kemit,"Neues Reich, 19. Dynastie – Neues Reich, 20. Dynastie",Neues Reich,-1295,-1069,-1182,,
"Kairo, Institut français d’archéologie orientale, 2599",5001063,https://aku-pal.uni-mainz.de/texts/5001063,5,Kemit,Kemit,"Neues Reich, 19. Dynastie – Neues Reich, 20. Dynastie",Neues Reich,-1295,-1069,-1182,,
"Kairo, Institut français d’archéologie orientale, 2537",5001088,https://aku-pal.uni-mainz.de/texts/5001088,5,Kemit,Kemit,"Neues Reich, 19. Dynastie – Neues Reich, 20. Dynastie",Neues Reich,-1295,-1069,-1182,,
"Kairo, Institut français d’archéologie orientale, OL 47",5001084,https://aku-pal.uni-mainz.de/texts/5001084,5,Kemit,Kemit,"Neues Reich, 19. Dynastie – Neues Reich, 20. Dynastie",Neues Reich,-1295,-1069,-1182,,
"Kairo, Institut français d’archéologie orientale, OL 2",5001096,https://aku-pal.uni-mainz.de/texts/5001096,5,Kemit,Kemit,"Neues Reich, 19. Dynastie – Neues Reich, 20. Dynastie",Neues Reich,-1295,-1069,-1182,,
"Kairo, Institut français d’archéologie orientale, OL 30",5001099,https://aku-pal.uni-mainz.de/texts/5001099,5,Kemit,Kemit,"Neues Reich, 19. Dynastie – Neues Reich, 20. Dynastie",Neues Reich,-1295,-1069,-1182,,
"Kairo, Institut français d’archéologie orientale, OL 12",5001100,https://aku-pal.uni-mainz.de/texts/5001100,5,Kemit,Kemit,"Neues Reich, 19. Dynastie – Neues Reich, 20. Dynastie",Neues Reich,-1295,-1069,-1182,,
"Kairo, Institut français d’archéologie orientale, OL 34",5001115,https://aku-pal.uni-mainz.de/texts/5001115,5,Kemit,Kemit,"Neues Reich, 19. Dynastie – Neues Reich, 20. Dynastie",Neues Reich,-1295,-1069,-1182,,
"Kairo, Institut français d’archéologie orientale, OL 44",5001124,https://aku-pal.uni-mainz.de/texts/5001124,5,Kemit,Kemit,"Neues Reich, 19. Dynastie – Neues Reich, 20. Dynastie",Neues Reich,-1295,-1069,-1182,,
"Cambridge, Fitzwilliam Museum, E.GA.4761.1943",5001132,https://aku-pal.uni-mainz.de/texts/5001132,5,Kemit,Kemit,"Neues Reich, 19. Dynastie – Neues Reich, 20. Dynastie",Neues Reich,-1295,-1069,-1182,,
Beit Khallaf K2.8,5001215,https://aku-pal.uni-mainz.de/texts/5001215,5,nicht spezifiziert,nicht spezifiziert,"Altes Reich, 3. Dynastie, Djoser (Netjerichet) – Altes Reich, 3. Dynastie, Nebka (Sanacht)",Altes Reich,-2667,-2667,-2667,,
"Straßburg, Bibliothèque nationale et universitaire de Strasbourg, 63",5000305,https://aku-pal.uni-mainz.de/texts/5000305,4,Brief,Brief (an einen Lebenden),"Altes Reich, 6. Dynastie",Altes Reich,-2345,-2181,-2263,,
"London, Petrie Museum of Egyptian Archaeology, 32157 vo",5000321,https://aku-pal.uni-mainz.de/texts/5000321,4,Erzählung,Erzählung (Tale of Hay),"Mittleres Reich, 12. Dynastie, Amenemhet III. – Mittleres Reich, 12. Dynastie, Nefrusobek Kasobekre",Mittleres Reich,-1831,-1773,-1802,,
"Berlin, Ägyptisches Museum und Papyrussammlung, P. 15724",5000328,https://aku-pal.uni-mainz.de/texts/5000328,4,Administrativer Text,Administrativer Text,"Altes Reich, 6. Dynastie",Altes Reich,-2345,-2181,-2263,,
D. Abusir 4,5000360,https://aku-pal.uni-mainz.de/texts/5000360,4,Besuchertext,Besuchertext,"Neues Reich, 18. Dynastie, Thutmosis III.",Neues Reich,-1479,-1425,-1452,,
D. Hatnub 27,5000366,https://aku-pal.uni-mainz.de/texts/5000366,4,Biographischer Text,Biographischer Text,"Erste Zwischenzeit, 9./10. Dynastie, Nehri I. (Nomarch), Regierungsjahr 8",Erste Zwischenzeit,-2160,-2025,-2092,,
"Berlin, Ägyptisches Museum und Papyrussammlung, P. 12346",5000391,https://aku-pal.uni-mainz.de/texts/5000391,4,nicht spezifiziert,nicht spezifiziert,"Altes Reich, 5. Dynastie, Niuserre",Altes Reich,-2445,-2421,-2433,,
"Berlin, Ägyptisches Museum und Papyrussammlung, P. 10494",139300,https://aku-pal.uni-mainz.de/texts/139300,4,Brief,Brief (an einen Lebenden),"Neues Reich, 20. Dynastie, Ramses XI., Regierungsjahr 2",Neues Reich,-1098,-1097,-1098,,
"Berlin, Ägyptisches Museum und Papyrussammlung, P. 10495",5000943,https://aku-pal.uni-mainz.de/texts/5000943,4,Namenliste/Onomasticon,Namenliste/Onomasticon,"Zweite Zwischenzeit, 13. Dynastie",Zweite Zwischenzeit,-1773,-1650,-1712,,
"Chicago, Institute for the Study of Ancient Cultures Museum, E 14059–87",5000544,https://aku-pal.uni-mainz.de/texts/5000544,4,Sargtexte,Sargtexte,"Altes Reich, 6. Dynastie – Erste Zwischenzeit, 11. Dynastie (vor der Reichseinigung)",Altes Reich,-2345,-2055,-2200,,
P. Abusir Kairo kl. Fragmente,5000587,https://aku-pal.uni-mainz.de/texts/5000587,4,Administrativer Text,Administrativer Text,"Altes Reich, 5. Dynastie, Djedkare",Altes Reich,-2414,-2375,-2394,,
D. Assiut N13.1 TS23,5000635,https://aku-pal.uni-mainz.de/texts/5000635,4,Signatur,Signatur (Scribe Men (signature above drawing of a lion)),"Neues Reich, 18. Dynastie",Neues Reich,-1550,-1295,-1422,,
D. Assiut N13.1 TS24,5000636,https://aku-pal.uni-mainz.de/texts/5000636,4,Kolophon,"Kolophon (beside instruction TS25, Scribe Men)","Neues Reich, 18. Dynastie",Neues Reich,-1550,-1295,-1422,,
D. Assiut N13.1 TAS2,5000675,https://aku-pal.uni-mainz.de/texts/5000675,4,Besuchertext,Besuchertext (Scribe Nebnefer),"Neues Reich, 18. Dynastie",Neues Reich,-1550,-1295,-1422,,
D. Assiut N13.1 TBS2,5000677,https://aku-pal.uni-mainz.de/texts/5000677,4,Signatur,Signatur (Scribe Men (?)),"Neues Reich, 18. Dynastie",Neues Reich,-1550,-1295,-1422,,
D. Assiut N13.1 TN35,5000710,https://aku-pal.uni-mainz.de/texts/5000710,4,Besuchertext,Besuchertext,"Neues Reich, 18. Dynastie",Neues Reich,-1550,-1295,-1422,,
D. Assiut N13.1 TW20,5000724,https://aku-pal.uni-mainz.de/texts/5000724,4,Besuchertext,Besuchertext,"Neues Reich, 18. Dynastie",Neues Reich,-1550,-1295,-1422,,
D. Assiut N13.1 TW23,5000725,https://aku-pal.uni-mainz.de/texts/5000725,4,Fürbitte,Fürbitte,"Neues Reich, 19. Dynastie – Neues Reich, 20. Dynastie",Neues Reich,-1295,-1069,-1182,,
"London, British Museum, EA 10753",381289,https://aku-pal.uni-mainz.de/texts/381289,4,Kultischer Text,Kultischer Text,"Mittleres Reich, 12. Dynastie, Amenemhet III. – Mittleres Reich, 12. Dynastie, Nefrusobek Kasobekre",Mittleres Reich,-1831,-1773,-1802,,
"London, British Museum, EA 10758",381068,https://aku-pal.uni-mainz.de/texts/381068,4,Medizinischer Text,Medizinischer Text (prescriptions),"Mittleres Reich, 12. Dynastie, Amenemhet I. – Mittleres Reich, 12. Dynastie, Amenemhet II.",Mittleres Reich,-1985,-1877,-1931,,
"London, British Museum, EA 10769",380889,https://aku-pal.uni-mainz.de/texts/380889,4,Magischer Text,Magischer Text,"Zweite Zwischenzeit, 13. Dynastie",Zweite Zwischenzeit,-1773,-1650,-1712,,
,,,4,,,,,,,,,
"London, Petrie Museum of Egyptian Archaeology, UC 32189",5000941,https://aku-pal.uni-mainz.de/texts/5000941,4,Rechnung,Rechnung,"Mittleres Reich, 12. Dynastie",Mittleres Reich,-1985,-1773,-1879,,
"London, British Museum, EA 10009 London, British Museum, EA 9962, 1",133548,https://aku-pal.uni-mainz.de/texts/133548,4,Totenbuch,Totenbuch,"Neues Reich, 18. Dynastie, Thutmosis III. – Neues Reich, 18. Dynastie, Amenhotep II.",Neues Reich,-1479,-1400,-1440,,
"London, British Museum, EA 10474",111307,https://aku-pal.uni-mainz.de/texts/111307,4,nicht spezifiziert,nicht spezifiziert,Dritte Zwischenzeit,Dritte Zwischenzeit,-1069,-664,-866,,
"New York City, Metropolitan Museum of Art, 22.3.522",5000022,https://aku-pal.uni-mainz.de/texts/5000022,4,Rechnung,Rechnung,"Mittleres Reich, 12. Dynastie, Sesostris I.",Mittleres Reich,-1956,-1911,-1934,,
"Kairo, Institut français d’archéologie orientale, 2517",5001051,https://aku-pal.uni-mainz.de/texts/5001051,4,Kemit,Kemit,"Neues Reich, 19. Dynastie – Neues Reich, 20. Dynastie",Neues Reich,-1295,-1069,-1182,,
"Kairo, Institut français d’archéologie orientale, 2601",5001061,https://aku-pal.uni-mainz.de/texts/5001061,4,Kemit,Kemit,"Neues Reich, 19. Dynastie – Neues Reich, 20. Dynastie",Neues Reich,-1295,-1069,-1182,,
O. Deir el-Bahri T3.L14,5001074,https://aku-pal.uni-mainz.de/texts/5001074,4,Kemit,Kemit,"Neues Reich, 18. Dynastie – Neues Reich, 20. Dynastie",Neues Reich,-1550,-1069,-1310,,
O. Deir el-Bahri T3.L16,5001076,https://aku-pal.uni-mainz.de/texts/5001076,4,Kemit,Kemit,"Neues Reich, 18. Dynastie – Neues Reich, 20. Dynastie",Neues Reich,-1550,-1069,-1310,,
"Kairo, Institut français d’archéologie orientale, OL 8",5001102,https://aku-pal.uni-mainz.de/texts/5001102,4,Kemit,Kemit,"Neues Reich, 19. Dynastie – Neues Reich, 20. Dynastie",Neues Reich,-1295,-1069,-1182,,
"Kairo, Institut français d’archéologie orientale, OL 14",5001107,https://aku-pal.uni-mainz.de/texts/5001107,4,Kemit,Kemit,"Neues Reich, 19. Dynastie – Neues Reich, 20. Dynastie",Neues Reich,-1295,-1069,-1182,,
"Kairo, Institut français d’archéologie orientale, OL 38",5001119,https://aku-pal.uni-mainz.de/texts/5001119,4,Kemit,Kemit,"Neues Reich, 19. Dynastie – Neues Reich, 20. Dynastie",Neues Reich,-1295,-1069,-1182,,
"Kairo, Institut français d’archéologie orientale, OL 45",5001125,https://aku-pal.uni-mainz.de/texts/5001125,4,Kemit,Kemit,"Neues Reich, 19. Dynastie – Neues Reich, 20. Dynastie",Neues Reich,-1295,-1069,-1182,,
O. DEM_2019_M25_073,5001135,https://aku-pal.uni-mainz.de/texts/5001135,4,Kemit,Kemit,"Neues Reich, 19. Dynastie – Neues Reich, 20. Dynastie",Neues Reich,-1295,-1069,-1182,,
"London, Petrie Museum of Egyptian Archaeology, UC 32197",5001206,https://aku-pal.uni-mainz.de/texts/5001206,4,Brief,Brief (an einen Lebenden),"Mittleres Reich, 12. Dynastie",Mittleres Reich,-1985,-1773,-1879,,
"Berlin, Ägyptisches Museum und Papyrussammlung, P. 10617",5000349,https://aku-pal.uni-mainz.de/texts/5000349,3,nicht spezifiziert,nicht spezifiziert,"Neues Reich, 18. Dynastie, Thutmosis III., Regierungsjahr 45, Monat 1, Jahreszeit ꜣḫ.t, Tag 9",Neues Reich,-1435,-1434,-1434,,
"Kairo, Ägyptisches Museum, CG 61019 [docket Herihor]",5000623,https://aku-pal.uni-mainz.de/texts/5000623,3,Nicht spezifizierter Königlicher Text,Nicht spezifizierter Königlicher Text (docket Herihor),"Dritte Zwischenzeit, 21. Dynastie, Herihor (HPA), Regierungsjahr 6, Monat 2, Jahreszeit ꜣḫ.t, Tag 7",Dritte Zwischenzeit,-1069,-945,-1007,,
"Berlin, Ägyptisches Museum und Papyrussammlung, P. 10010",5000301,https://aku-pal.uni-mainz.de/texts/5000301,3,nicht spezifiziert,nicht spezifiziert,"Mittleres Reich, 12. Dynastie, Sesostris III.",Mittleres Reich,-1870,-1831,-1850,,
"London, Petrie Museum of Egyptian Archaeology, 32201",5000304,https://aku-pal.uni-mainz.de/texts/5000304,3,Brief,Brief (an einen Lebenden),"Mittleres Reich, 12. Dynastie, Amenemhet III. – Mittleres Reich, 12. Dynastie, Nefrusobek Kasobekre",Mittleres Reich,-1831,-1773,-1802,,
"London, Petrie Museum of Egyptian Archaeology, 32196",5000317,https://aku-pal.uni-mainz.de/texts/5000317,3,Modellbrief,Modellbrief,"Mittleres Reich, 12. Dynastie, Amenemhet III. – Mittleres Reich, 12. Dynastie, Nefrusobek Kasobekre",Mittleres Reich,-1831,-1773,-1802,,
"Straßburg, Bibliothèque nationale et universitaire de Strasbourg, 55",5001220,https://aku-pal.uni-mainz.de/texts/5001220,3,Brief,Brief (an einen Lebenden),"Altes Reich, 6. Dynastie",Altes Reich,-2345,-2181,-2263,,
D. Abusir 3,5000352,https://aku-pal.uni-mainz.de/texts/5000352,3,Besuchertext,Besuchertext,"Neues Reich, 18. Dynastie, Thutmosis III.",Neues Reich,-1479,-1425,-1452,,
D. Abusir 5,5000353,https://aku-pal.uni-mainz.de/texts/5000353,3,Besuchertext,Besuchertext,"Neues Reich, 18. Dynastie, Thutmosis III.",Neues Reich,-1479,-1425,-1452,,
D. Abusir 1,5000359,https://aku-pal.uni-mainz.de/texts/5000359,3,Besuchertext,Besuchertext,"Neues Reich, 18. Dynastie, Thutmosis III.",Neues Reich,-1479,-1425,-1452,,
"Berlin, Ägyptisches Museum und Papyrussammlung, P. 10004",5000389,https://aku-pal.uni-mainz.de/texts/5000389,3,nicht spezifiziert,nicht spezifiziert,"Mittleres Reich, 12. Dynastie, Amenemhet III., Regierungsjahr 4, Monat 4, Jahreszeit šm.w",Mittleres Reich,-1828,-1827,-1828,,
Tally Stone of mꜣꜤ.t-kꜣ-rꜤ 3,5000408,https://aku-pal.uni-mainz.de/texts/5000408,3,nicht spezifiziert,nicht spezifiziert,"Neues Reich, 18. Dynastie, Hatschepsut",Neues Reich,-1473,-1458,-1466,,
"Kairo, Ägyptisches Museum, JE 58037",5000421,https://aku-pal.uni-mainz.de/texts/5000421,3,nicht spezifiziert,nicht spezifiziert,"Neues Reich, 20. Dynastie, Ramses III.",Neues Reich,-1184,-1153,-1168,,
"London, British Museum, EA 10244",381201,https://aku-pal.uni-mainz.de/texts/381201,3,Literarischer Text,Literarischer Text,"Neues Reich, 19. Dynastie, Sethos II.",Neues Reich,-1200,-1194,-1197,,
"London, British Museum, EA 10243",380656,https://aku-pal.uni-mainz.de/texts/380656,3,nicht spezifiziert,nicht spezifiziert,"Neues Reich, 19. Dynastie, Merenptah",Neues Reich,-1213,-1203,-1208,,
"Kairo, Ägyptisches Museum, CG 58057",5000424,https://aku-pal.uni-mainz.de/texts/5000424,3,nicht spezifiziert,nicht spezifiziert,"Neues Reich, 19. Dynastie, Sethos I.",Neues Reich,-1294,-1279,-1286,,
D. Hatnub 28,5000427,https://aku-pal.uni-mainz.de/texts/5000427,3,nicht spezifiziert,nicht spezifiziert,"Erste Zwischenzeit, 9./10. Dynastie, Nehri I. (Nomarch), Regierungsjahr 8",Erste Zwischenzeit,-2160,-2025,-2092,,
"New York City, Pierpont Morgan Library, Amh. Egy. Pap. 11",5000443,https://aku-pal.uni-mainz.de/texts/5000443,3,nicht spezifiziert,nicht spezifiziert,"Neues Reich, 19. Dynastie, Sethos I.",Neues Reich,-1294,-1279,-1286,,
"Paris, Musée du Louvre, E 6858",5000477,https://aku-pal.uni-mainz.de/texts/5000477,3,Götterdekret,Götterdekret,"Dritte Zwischenzeit, 21. Dynastie, Siamun, Regierungsjahr 5, Monat 4, Jahreszeit šm.w, Tag 2",Dritte Zwischenzeit,-974,-973,-974,,
"London, British Museum, EA 10274 vo",5000744,https://aku-pal.uni-mainz.de/texts/5000744,3,Literarischer Text,Literarischer Text (Discourse of the Fowler),"Mittleres Reich, 12. Dynastie",Mittleres Reich,-1985,-1773,-1879,,
D. Assiut N13.1 TN4,5000506,https://aku-pal.uni-mainz.de/texts/5000506,3,nicht spezifiziert,nicht spezifiziert,"Neues Reich, 18. Dynastie",Neues Reich,-1550,-1295,-1422,,
P. Abusir Kairo Fragm. b,5000593,https://aku-pal.uni-mainz.de/texts/5000593,3,Administrativer Text,Administrativer Text,"Altes Reich, 5. Dynastie, Djedkare",Altes Reich,-2414,-2375,-2394,,
P. Abusir Kairo Fragm. λ,5000596,https://aku-pal.uni-mainz.de/texts/5000596,3,Administrativer Text,Administrativer Text,"Altes Reich, 5. Dynastie, Djedkare",Altes Reich,-2414,-2375,-2394,,
"Kairo, Institut français d’archéologie orientale, 794",137215,https://aku-pal.uni-mainz.de/texts/137215,3,Namenliste/Onomasticon,Namenliste/Onomasticon,"Neues Reich, 20. Dynastie, Ramses IV., Monat 2, Jahreszeit pr.t, Tag 18",Neues Reich,-1153,-1147,-1150,,
"Kairo, Institut français d’archéologie orientale, 829",137292,https://aku-pal.uni-mainz.de/texts/137292,3,nicht spezifiziert,nicht spezifiziert,"Neues Reich, 20. Dynastie",Neues Reich,-1186,-1069,-1128,,
D. Assiut N13.1 TS30,5000715,https://aku-pal.uni-mainz.de/texts/5000715,3,Namensvermerk,Namensvermerk (Scribe Nefer or Nefer-(?)),Neues Reich,Neues Reich,-1550,-1069,-1310,,
D. Assiut N13.1 TW33,5000729,https://aku-pal.uni-mainz.de/texts/5000729,3,Fürbitte,Fürbitte,"Neues Reich, 19. Dynastie – Neues Reich, 20. Dynastie",Neues Reich,-1295,-1069,-1182,,
SAK 2008 448,5000913,https://aku-pal.uni-mainz.de/texts/5000913,3,nicht spezifiziert,nicht spezifiziert,"Frühdynastische Zeit, 2. Dynastie",Frühdynastische Zeit,-2890,-2686,-2788,,
"London, Petrie Museum of Egyptian Archaeology, UC 32037",372046,https://aku-pal.uni-mainz.de/texts/372046,3,Juristische Urkunde,Juristische Urkunde,"Mittleres Reich, 12. Dynastie, Amenemhet III., Regierungsjahr 39, Tag 29",Mittleres Reich,-1793,-1792,-1792,,
"London, Petrie Museum of Egyptian Archaeology, UC 32058",372047,https://aku-pal.uni-mainz.de/texts/372047,3,Juristische Urkunde,Juristische Urkunde,"Mittleres Reich, 12. Dynastie, Amenemhet III., Regierungsjahr 44, Tag 13",Mittleres Reich,-1788,-1787,-1788,,
"London, Petrie Museum of Egyptian Archaeology, UC 32213",5000932,https://aku-pal.uni-mainz.de/texts/5000932,3,nicht spezifiziert,nicht spezifiziert,"Mittleres Reich, 12. Dynastie",Mittleres Reich,-1985,-1773,-1879,,
"New York City, Metropolitan Museum of Art, 30.7.1",5000952,https://aku-pal.uni-mainz.de/texts/5000952,3,Hymnus im Götterkult,Hymnus im Götterkult,"Neues Reich, 18. Dynastie, Amenhotep IV./Echnaton – Neues Reich, 18. Dynastie, Haremhab",Neues Reich,-1352,-1295,-1324,,
"Straßburg, Bibliothèque nationale et universitaire de Strasbourg, H 150",5000965,https://aku-pal.uni-mainz.de/texts/5000965,3,Kemit,Kemit,"Neues Reich, 19. Dynastie – Neues Reich, 20. Dynastie",Neues Reich,-1295,-1069,-1182,,
"Turin, Museo Egizio, CGT 57447",5000994,https://aku-pal.uni-mainz.de/texts/5000994,3,Kemit,Kemit,"Neues Reich, 19. Dynastie – Neues Reich, 20. Dynastie",Neues Reich,-1295,-1069,-1182,,
"Turin, Museo Egizio, CGT 57551",5000998,https://aku-pal.uni-mainz.de/texts/5000998,3,Kemit,Kemit,"Neues Reich, 19. Dynastie – Neues Reich, 20. Dynastie",Neues Reich,-1295,-1069,-1182,,
"Kairo, Institut français d’archéologie orientale, 2568",5001029,https://aku-pal.uni-mainz.de/texts/5001029,3,Kemit,Kemit,"Neues Reich, 19. Dynastie – Neues Reich, 20. Dynastie",Neues Reich,-1295,-1069,-1182,,
"Kairo, Institut français d’archéologie orientale, 2605",5001038,https://aku-pal.uni-mainz.de/texts/5001038,3,Kemit,Kemit,"Neues Reich, 19. Dynastie – Neues Reich, 20. Dynastie",Neues Reich,-1295,-1069,-1182,,
"Kairo, Institut français d’archéologie orientale, 2569",5001043,https://aku-pal.uni-mainz.de/texts/5001043,3,Kemit,Kemit,"Neues Reich, 19. Dynastie – Neues Reich, 20. Dynastie",Neues Reich,-1295,-1069,-1182,,
"Kairo, Institut français d’archéologie orientale, 2594",5001068,https://aku-pal.uni-mainz.de/texts/5001068,3,Kemit,Kemit,"Neues Reich, 19. Dynastie – Neues Reich, 20. Dynastie",Neues Reich,-1295,-1069,-1182,,
"Kairo, Institut français d’archéologie orientale, OL 23",5001105,https://aku-pal.uni-mainz.de/texts/5001105,3,Kemit,Kemit,"Neues Reich, 19. Dynastie – Neues Reich, 20. Dynastie",Neues Reich,-1295,-1069,-1182,,
"Oxford, Ashmolean Museum, ANAsh.Mus.H.O.600",5001150,https://aku-pal.uni-mainz.de/texts/5001150,3,Kemit,Kemit,"Neues Reich, 19. Dynastie – Neues Reich, 20. Dynastie",Neues Reich,-1295,-1069,-1182,,
P. Berl. Br,5001208,https://aku-pal.uni-mainz.de/texts/5001208,3,Brief,Brief (an einen Lebenden),Mittleres Reich,Mittleres Reich,-2055,-1650,-1852,,
Beit Khallaf K1.2,5001209,https://aku-pal.uni-mainz.de/texts/5001209,3,nicht spezifiziert,nicht spezifiziert,"Altes Reich, 3. Dynastie, Djoser (Netjerichet) – Altes Reich, 3. Dynastie, Nebka (Sanacht)",Altes Reich,-2667,-2667,-2667,,
Beit Khallaf K3.15,5001277,https://aku-pal.uni-mainz.de/texts/5001277,3,nicht spezifiziert,nicht spezifiziert,"Altes Reich, 3. Dynastie, Djoser (Netjerichet) – Altes Reich, 3. Dynastie, Nebka (Sanacht)",Altes Reich,-2667,-2667,-2667,,
Beit Khallaf K1.7,5001214,https://aku-pal.uni-mainz.de/texts/5001214,3,nicht spezifiziert,nicht spezifiziert,"Altes Reich, 3. Dynastie, Djoser (Netjerichet) – Altes Reich, 3. Dynastie, Nebka (Sanacht)",Altes Reich,-2667,-2667,-2667,,
"New York City, Metropolitan Museum of Art, 22.3.519",5000019,https://aku-pal.uni-mainz.de/texts/5000019,3,Brief,Brief (an einen Lebenden),"Mittleres Reich, 12. Dynastie, Sesostris I.",Mittleres Reich,-1956,-1911,-1934,,
"London, Petrie Museum of Egyptian Archaeology, UC 38178 A",5000261,https://aku-pal.uni-mainz.de/texts/5000261,2,Juristische Urkunde,Juristische Urkunde,"Neues Reich, 18. Dynastie, Amenhotep III., Regierungsjahr 33, Monat 1, Jahreszeit ꜣḫ.t, Tag 5",Neues Reich,-1358,-1357,-1358,,
"London, Petrie Museum of Egyptian Archaeology, 32230",5000332,https://aku-pal.uni-mainz.de/texts/5000332,2,Administrativer Text,Administrativer Text (oil delivery),"Neues Reich, 18. Dynastie, Tutanchamun, Regierungsjahr 2",Neues Reich,-1335,-1334,-1334,,
"London, Petrie Museum of Egyptian Archaeology, UC 38177",5000260,https://aku-pal.uni-mainz.de/texts/5000260,2,Juristische Urkunde,Juristische Urkunde,"Neues Reich, 18. Dynastie, Amenhotep III., Regierungsjahr 33, Monat 1, Jahreszeit ꜣḫ.t, Tag 5",Neues Reich,-1358,-1357,-1358,,
"London, Petrie Museum of Egyptian Archaeology, 32202",5000322,https://aku-pal.uni-mainz.de/texts/5000322,2,Brief,Brief (an einen Lebenden),"Mittleres Reich, 12. Dynastie, Amenemhet III. – Mittleres Reich, 12. Dynastie, Nefrusobek Kasobekre",Mittleres Reich,-1831,-1773,-1802,,
"London, Petrie Museum of Egyptian Archaeology, 32161",5000316,https://aku-pal.uni-mainz.de/texts/5000316,2,Mathematischer Text,Mathematischer Text,"Mittleres Reich, 12. Dynastie, Amenemhet III. – Mittleres Reich, 12. Dynastie, Nefrusobek Kasobekre",Mittleres Reich,-1831,-1773,-1802,,
"London, Petrie Museum of Egyptian Archaeology, 32215",5000320,https://aku-pal.uni-mainz.de/texts/5000320,2,Brief,Brief (an einen Lebenden),"Mittleres Reich, 12. Dynastie, Amenemhet III. – Mittleres Reich, 12. Dynastie, Nefrusobek Kasobekre",Mittleres Reich,-1831,-1773,-1802,,
D. Abusir 2,5000354,https://aku-pal.uni-mainz.de/texts/5000354,2,Besuchertext,Besuchertext,"Neues Reich, 18. Dynastie, Thutmosis III.",Neues Reich,-1479,-1425,-1452,,
"London, Petrie Museum of Egyptian Archaeology, 46316",5000346,https://aku-pal.uni-mainz.de/texts/5000346,2,nicht spezifiziert,nicht spezifiziert,"Neues Reich, 18. Dynastie, Amenhotep IV./Echnaton, Regierungsjahr 7",Neues Reich,-1346,-1345,-1346,,
"P. Illahun, Berlin Brief R",5000393,https://aku-pal.uni-mainz.de/texts/5000393,2,nicht spezifiziert,nicht spezifiziert,Mittleres Reich,Mittleres Reich,-2055,-1650,-1852,,
"Berlin, Ägyptisches Museum und Papyrussammlung, P. 10016",5000395,https://aku-pal.uni-mainz.de/texts/5000395,2,Brief,Brief (an einen Lebenden),"Mittleres Reich, 12. Dynastie, Amenemhet III., Regierungsjahr 18, Monat 2, Jahreszeit šm.w, Tag 13",Mittleres Reich,-1814,-1813,-1814,,
"Berlin, Ägyptisches Museum und Papyrussammlung, P. 2146",5000212,https://aku-pal.uni-mainz.de/texts/5000212,2,Nichtköniglicher Historischer Text,Nichtköniglicher Historischer Text,"Neues Reich, 18. Dynastie, Thutmosis III. (Alleinregierung), Regierungsjahr 37, Monat 4, Jahreszeit pr.t, Tag 11",Neues Reich,-1431,-1425,-1428,,
"Berlin, Ägyptisches Museum und Papyrussammlung, P. 3043",5000106,https://aku-pal.uni-mainz.de/texts/5000106,2,Literarischer Text,Literarischer Text,"Neues Reich, 19. Dynastie, Merenptah – Neues Reich, 19. Dynastie, Sethos II.",Neues Reich,-1213,-1194,-1204,,
"Turin, Museo Egizio, CGT 57056",138942,https://aku-pal.uni-mainz.de/texts/138942,2,Haushaltsliste,Haushaltsliste (Document of absence or presence),"Neues Reich, 20. Dynastie, Ramses III., Regierungsjahr 24, Tag 21 – Neues Reich, 20. Dynastie, Ramses III., Regierungsjahr 24, Monat 3, Jahreszeit pr.t, Tag 26",Neues Reich,-1161,-1160,-1160,,
"Straßburg, Bibliothèque nationale et universitaire de Strasbourg, 62",5000647,https://aku-pal.uni-mainz.de/texts/5000647,2,nicht spezifiziert,nicht spezifiziert,"Altes Reich, 6. Dynastie",Altes Reich,-2345,-2181,-2263,,
D. Hatnub 43,5000425,https://aku-pal.uni-mainz.de/texts/5000425,2,nicht spezifiziert,nicht spezifiziert,Erste Zwischenzeit,Erste Zwischenzeit,-2160,-2055,-2108,,
"London, Petrie Museum of Egyptian Archaeology, Amarna 71 (Petrie)",5000542,https://aku-pal.uni-mainz.de/texts/5000542,2,nicht spezifiziert,nicht spezifiziert,"Neues Reich, 18. Dynastie",Neues Reich,-1550,-1295,-1422,,
Hieratisches Graffito am Eingang von TT 320,5000481,https://aku-pal.uni-mainz.de/texts/5000481,2,nicht spezifiziert,nicht spezifiziert,"Dritte Zwischenzeit, 21. Dynastie, Siamun, Regierungsjahr 5, Monat 4, Jahreszeit šm.w, Tag 21",Dritte Zwischenzeit,-974,-973,-974,,
"Berlin, Ägyptisches Museum und Papyrussammlung, P. 3047",5000072,https://aku-pal.uni-mainz.de/texts/5000072,2,Juristische Urkunde,Juristische Urkunde,"Neues Reich, 19. Dynastie, Ramses II., Regierungsjahr 46",Neues Reich,-1234,-1233,-1234,,
"Berlin, Ägyptisches Museum und Papyrussammlung, P. 10499 vo",5000739,https://aku-pal.uni-mainz.de/texts/5000739,2,Erzählung,Erzählung,"Mittleres Reich, 12. Dynastie",Mittleres Reich,-1985,-1773,-1879,,
"New York City, Metropolitan Museum of Art, MMA 27.3.560",5000144,https://aku-pal.uni-mainz.de/texts/5000144,2,Brief,Brief (an einen Lebenden),"Neues Reich, 18. Dynastie, Hatschepsut",Neues Reich,-1473,-1458,-1466,,
D. Hatnub 15,5000569,https://aku-pal.uni-mainz.de/texts/5000569,2,nicht spezifiziert,nicht spezifiziert,"Erste Zwischenzeit, 9./10. Dynastie, Nehri I. (Nomarch), Regierungsjahr 4",Erste Zwischenzeit,-2160,-2025,-2092,,
D. Hatnub 12,5000571,https://aku-pal.uni-mainz.de/texts/5000571,2,nicht spezifiziert,nicht spezifiziert,"Erste Zwischenzeit, 9./10. Dynastie, Ahanacht (Nomarch), Regierungsjahr 13",Erste Zwischenzeit,-2160,-1650,-1905,,
"Berlin, Ägyptisches Museum und Papyrussammlung, ÄM 13665",5000461,https://aku-pal.uni-mainz.de/texts/5000461,2,nicht spezifiziert,nicht spezifiziert,"Altes Reich, 6. Dynastie",Altes Reich,-2345,-2181,-2263,,
D. Hatnub 7,5000475,https://aku-pal.uni-mainz.de/texts/5000475,2,nicht spezifiziert,nicht spezifiziert,"Altes Reich, 6. Dynastie, Pepi II.",Altes Reich,-2278,-2184,-2231,,
D. Hatnub 4,5000473,https://aku-pal.uni-mainz.de/texts/5000473,2,nicht spezifiziert,nicht spezifiziert,"Altes Reich, 6. Dynastie, Pepi II.",Altes Reich,-2278,-2184,-2231,,
P. Strasbourg Ep,5000548,https://aku-pal.uni-mainz.de/texts/5000548,2,Brief,Brief (an einen Lebenden),"Altes Reich, 6. Dynastie",Altes Reich,-2345,-2181,-2263,,
P. Strasbourg Dβ,5001231,https://aku-pal.uni-mainz.de/texts/5001231,2,nicht spezifiziert,nicht spezifiziert,"Altes Reich, 6. Dynastie",Altes Reich,-2345,-2181,-2263,,
D. Assiut N13.1 TW30,5000568,https://aku-pal.uni-mainz.de/texts/5000568,2,Kolophon,Kolophon (Scribe Men),"Neues Reich, 18. Dynastie",Neues Reich,-1550,-1295,-1422,,
D. Assiut N13.1 TS31,5000640,https://aku-pal.uni-mainz.de/texts/5000640,2,Signatur,Signatur (Scribe Men (in drawing of hippo)),"Neues Reich, 18. Dynastie",Neues Reich,-1550,-1295,-1422,,
"Turin, Museo Egizio, CGT 57044",138935,https://aku-pal.uni-mainz.de/texts/138935,2,Administrativer Text,"Administrativer Text (Account of materials, Events, Absence/presence)","Neues Reich, 20. Dynastie, Ramses III., Regierungsjahr 26, Monat 2, Jahreszeit šm.w, Tag 11 – Neues Reich, 20. Dynastie, Ramses III., Regierungsjahr 26, Monat 2, Jahreszeit šm.w, Tag 28",Neues Reich,-1159,-1158,-1158,,
"Turin, Museo Egizio, CGT 57029",138920,https://aku-pal.uni-mainz.de/texts/138920,2,Administrativer Text,Administrativer Text (Document of absence or presence),"Neues Reich, 20. Dynastie, Ramses III., Regierungsjahr 24, Monat 1, Jahreszeit ꜣḫ.t, Tag 5 – Neues Reich, 20. Dynastie, Ramses III., Regierungsjahr 24, Monat 1, Jahreszeit ꜣḫ.t, Tag 7",Neues Reich,-1161,-1160,-1160,,
D. Assiut N13.1 TS5,5000627,https://aku-pal.uni-mainz.de/texts/5000627,2,Signatur,Signatur (in drawing of a gazelle),"Neues Reich, 18. Dynastie",Neues Reich,-1550,-1295,-1422,,
D. Assiut N13.1 TN30,5000655,https://aku-pal.uni-mainz.de/texts/5000655,2,Signatur,"Signatur (Scribe Men(?), signature in drawing of a lion)","Neues Reich, 18. Dynastie",Neues Reich,-1550,-1295,-1422,,
D. Assiut N13.1 TAN3,5000673,https://aku-pal.uni-mainz.de/texts/5000673,2,nicht spezifiziert,nicht spezifiziert (Scribe Iahmes),"Neues Reich, 18. Dynastie",Neues Reich,-1550,-1295,-1422,,
"London, British Museum, EA 30839",5000141,https://aku-pal.uni-mainz.de/texts/5000141,2,Sargtexte,Sargtexte,"Mittleres Reich, 12. Dynastie, Sesostris II. – Mittleres Reich, 12. Dynastie, Sesostris III.",Mittleres Reich,-1877,-1831,-1854,,
D. Assiut N13.1 TW25,5000727,https://aku-pal.uni-mainz.de/texts/5000727,2,Fürbitte,Fürbitte,"Neues Reich, 19. Dynastie – Neues Reich, 20. Dynastie",Neues Reich,-1295,-1069,-1182,,
"London, British Museum, EA 10252",57226,https://aku-pal.uni-mainz.de/texts/57226,2,Verklärungen,Verklärungen,"Griechisch-römische Zeit, Argeaden („Makedonierzeit“), Alexander IV., Regierungsjahr 11",Griechisch-römische Zeit,-317,-310,-314,,
"Berlin, Ägyptisches Museum und Papyrussammlung, P. 14156",140084,https://aku-pal.uni-mainz.de/texts/140084,2,Administrativer Text,Administrativer Text (Deliveries and/or deficits of products (fish)),"Neues Reich, 20. Dynastie, Ramses IV., Regierungsjahr 5",Neues Reich,-1149,-1148,-1148,,
"Boston (MA), Museum of Fine Arts, 04.2059 vo",5000747,https://aku-pal.uni-mainz.de/texts/5000747,2,Totenbrief,Totenbrief,Erste Zwischenzeit,Erste Zwischenzeit,-2160,-2055,-2108,,
SAK 2008 428-1,5000914,https://aku-pal.uni-mainz.de/texts/5000914,2,nicht spezifiziert,nicht spezifiziert,"Frühdynastische Zeit, 2. Dynastie",Frühdynastische Zeit,-2890,-2686,-2788,,
"Kairo, Ägyptisches Museum, CG 25207",5000918,https://aku-pal.uni-mainz.de/texts/5000918,2,nicht spezifiziert,nicht spezifiziert,Neues Reich,Neues Reich,-1550,-1069,-1310,,
"Kairo, Ägyptisches Museum, CG 25208",5000921,https://aku-pal.uni-mainz.de/texts/5000921,2,nicht spezifiziert,nicht spezifiziert,Neues Reich,Neues Reich,-1550,-1069,-1310,,
"Kairo, Ägyptisches Museum, CG 25212",5000922,https://aku-pal.uni-mainz.de/texts/5000922,2,nicht spezifiziert,nicht spezifiziert,Neues Reich,Neues Reich,-1550,-1069,-1310,,
"Kairo, Ägyptisches Museum, JE 71580",5001236,https://aku-pal.uni-mainz.de/texts/5001236,2,Administrativer Text,Administrativer Text,"Mittleres Reich, 12. Dynastie",Mittleres Reich,-1985,-1773,-1879,,
"London, Petrie Museum of Egyptian Archaeology, UC 32198",5000928,https://aku-pal.uni-mainz.de/texts/5000928,2,nicht spezifiziert,nicht spezifiziert,"Mittleres Reich, 12. Dynastie",Mittleres Reich,-1985,-1773,-1879,,
"Berlin, Ägyptisches Museum und Papyrussammlung, ÄM 13772",5000929,https://aku-pal.uni-mainz.de/texts/5000929,2,Sargtexte,Sargtexte,"Mittleres Reich, 11. Dynastie (nach der Reichseinigung)",Mittleres Reich,-2055,-1985,-2020,,
"London, Petrie Museum of Egyptian Archaeology, UC 32200",5001240,https://aku-pal.uni-mainz.de/texts/5001240,2,Brief,Brief (an einen Lebenden),"Mittleres Reich, 12. Dynastie",Mittleres Reich,-1985,-1773,-1879,,
"London, British Museum, EA 10763",380654,https://aku-pal.uni-mainz.de/texts/380654,2,Magischer Text,Magischer Text,"Mittleres Reich, 12. Dynastie, Amenemhet III. – Zweite Zwischenzeit, 13. Dynastie",Mittleres Reich,-1831,-1650,-1740,,
"Oxford, Ashmolean Museum, ANAsh.Mus.H.O.434",5001008,https://aku-pal.uni-mainz.de/texts/5001008,2,Kemit,Kemit,"Neues Reich, 19. Dynastie – Neues Reich, 20. Dynastie",Neues Reich,-1295,-1069,-1182,,
"Kairo, Institut français d’archéologie orientale, 2501",5001015,https://aku-pal.uni-mainz.de/texts/5001015,2,Kemit,Kemit,"Neues Reich, 19. Dynastie – Neues Reich, 20. Dynastie",Neues Reich,-1295,-1069,-1182,,
"Kairo, Institut français d’archéologie orientale, 2582",5001033,https://aku-pal.uni-mainz.de/texts/5001033,2,Kemit,Kemit,"Neues Reich, 19. Dynastie – Neues Reich, 20. Dynastie",Neues Reich,-1295,-1069,-1182,,
"Kairo, Institut français d’archéologie orientale, 2287",5001045,https://aku-pal.uni-mainz.de/texts/5001045,2,Kemit,Kemit,"Neues Reich, 19. Dynastie – Neues Reich, 20. Dynastie",Neues Reich,-1295,-1069,-1182,,
O. Deir el-Bahri T3.L15,5001075,https://aku-pal.uni-mainz.de/texts/5001075,2,Kemit,Kemit,"Neues Reich, 18. Dynastie – Neues Reich, 20. Dynastie",Neues Reich,-1550,-1069,-1310,,
"Kairo, Institut français d’archéologie orientale, OL 16",5001093,https://aku-pal.uni-mainz.de/texts/5001093,2,Kemit,Kemit,"Neues Reich, 19. Dynastie – Neues Reich, 20. Dynastie",Neues Reich,-1295,-1069,-1182,,
"Kairo, Institut français d’archéologie orientale, OL 39",5001121,https://aku-pal.uni-mainz.de/texts/5001121,2,Kemit,Kemit,"Neues Reich, 19. Dynastie – Neues Reich, 20. Dynastie",Neues Reich,-1295,-1069,-1182,,
"Oxford, Ashmolean Museum, ANAsh.Mus.H.O.1044",5001162,https://aku-pal.uni-mainz.de/texts/5001162,2,Kemit,Kemit,"Neues Reich, 19. Dynastie – Neues Reich, 20. Dynastie",Neues Reich,-1295,-1069,-1182,,
"Berlin, Ägyptisches Museum und Papyrussammlung, P. 10002",5001200,https://aku-pal.uni-mainz.de/texts/5001200,2,Brief,Brief (an einen Lebenden),"Mittleres Reich, 12. Dynastie, Regierungsjahr 36, Monat 4, Jahreszeit šm.w",Mittleres Reich,-1950,-1949,-1950,,
Beit Khallaf K1.4,5001212,https://aku-pal.uni-mainz.de/texts/5001212,2,nicht spezifiziert,nicht spezifiziert,"Altes Reich, 3. Dynastie, Djoser (Netjerichet) – Altes Reich, 3. Dynastie, Nebka (Sanacht)",Altes Reich,-2667,-2667,-2667,,
"P. Illahun, Tempeltagebuch Jahr 14",5001239,https://aku-pal.uni-mainz.de/texts/5001239,2,nicht spezifiziert,nicht spezifiziert,Mittleres Reich,Mittleres Reich,-2055,-1650,-1852,,
D. Assiut N13.1 TW17,5001246,https://aku-pal.uni-mainz.de/texts/5001246,2,Besuchertext,Besuchertext,"Neues Reich, 18. Dynastie",Neues Reich,-1550,-1295,-1422,,
"Wien, Papyrusmuseum, Österreichische Nationalbibliothek, Aeg. 10994–10997",134320,https://aku-pal.uni-mainz.de/texts/134320,2,Totenbuch,Totenbuch,"Neues Reich, 18. Dynastie, Hatschepsut – Neues Reich, 18. Dynastie, Amenhotep II.",Neues Reich,-1473,-1400,-1436,,
"Sankt Petersburg, National Library of Russia, 1",134599,https://aku-pal.uni-mainz.de/texts/134599,2,Totenbuch,Totenbuch,"Dritte Zwischenzeit, 22.–23. Dynastie",Dritte Zwischenzeit,-945,-715,-830,,
P. Berl Da,5000224,https://aku-pal.uni-mainz.de/texts/5000224,1,Administrativer Text,Administrativer Text,Mittleres Reich,Mittleres Reich,-2055,-1650,-1852,,
"Kairo, Ägyptisches Museum, CG 4748",5000331,https://aku-pal.uni-mainz.de/texts/5000331,1,Administrativer Text,Administrativer Text,"Neues Reich, 18. Dynastie, Amenhotep IV./Echnaton",Neues Reich,-1352,-1336,-1344,,
Hieratischer Wiederbestattungsvermerk auf Leichenumwicklung der Mumie Ramses’ II.,5000295,https://aku-pal.uni-mainz.de/texts/5000295,1,Nicht spezifizierter Königlicher Text,Nicht spezifizierter Königlicher Text,"Dritte Zwischenzeit, 21. Dynastie, Pinudjem I. (HPA), Regierungsjahr 15, Monat 3, Jahreszeit ꜣḫ.t, Tag 6",Dritte Zwischenzeit,-1069,-945,-1007,,
"Berlin, Ägyptisches Museum und Papyrussammlung, P. 3110",5000438,https://aku-pal.uni-mainz.de/texts/5000438,1,nicht spezifiziert,nicht spezifiziert,"Spätzeit, 27. Dynastie, Dareios I. Setutre, Regierungsjahr 35, Tag 1, Phaophi – Spätzeit, 27. Dynastie, Dareios I. Setutre, Regierungsjahr 35, Tag 30, Phaophi",Spätzeit,-488,-487,-488,,
"London, Petrie Museum of Egyptian Archaeology, 32261",5000339,https://aku-pal.uni-mainz.de/texts/5000339,1,nicht spezifiziert,nicht spezifiziert,"Neues Reich, 18. Dynastie, Amenhotep IV./Echnaton, Regierungsjahr 14",Neues Reich,-1339,-1338,-1338,,
"London, Petrie Museum of Egyptian Archaeology, 46283",5000335,https://aku-pal.uni-mainz.de/texts/5000335,1,nicht spezifiziert,nicht spezifiziert,"Neues Reich, 18. Dynastie, Amenhotep IV./Echnaton, Regierungsjahr 10",Neues Reich,-1343,-1342,-1342,,
"London, Petrie Museum of Egyptian Archaeology, 46292",5000338,https://aku-pal.uni-mainz.de/texts/5000338,1,nicht spezifiziert,nicht spezifiziert,"Neues Reich, 18. Dynastie, Amenhotep IV./Echnaton, Regierungsjahr 12",Neues Reich,-1341,-1340,-1340,,
"London, Petrie Museum of Egyptian Archaeology, 32256",5000356,https://aku-pal.uni-mainz.de/texts/5000356,1,Administrativer Text,Administrativer Text,"Neues Reich, 18. Dynastie, Amenhotep IV./Echnaton, Regierungsjahr 8",Neues Reich,-1345,-1344,-1344,,
"London, Petrie Museum of Egyptian Archaeology, 32257",5000342,https://aku-pal.uni-mainz.de/texts/5000342,1,nicht spezifiziert,nicht spezifiziert,"Neues Reich, 18. Dynastie, Amenhotep IV./Echnaton",Neues Reich,-1352,-1336,-1344,,
"London, Petrie Museum of Egyptian Archaeology, 32264",5000343,https://aku-pal.uni-mainz.de/texts/5000343,1,nicht spezifiziert,nicht spezifiziert,"Neues Reich, 18. Dynastie, Amenhotep IV./Echnaton",Neues Reich,-1352,-1336,-1344,,
"London, Petrie Museum of Egyptian Archaeology, 46284",5000336,https://aku-pal.uni-mainz.de/texts/5000336,1,nicht spezifiziert,nicht spezifiziert,"Neues Reich, 18. Dynastie, Amenhotep IV./Echnaton, Regierungsjahr 8",Neues Reich,-1345,-1344,-1344,,
"London, Petrie Museum of Egyptian Archaeology, 32544",5000333,https://aku-pal.uni-mainz.de/texts/5000333,1,Administrativer Text,Administrativer Text (wine label),"Neues Reich, 18. Dynastie, Amenhotep IV./Echnaton, Regierungsjahr 16",Neues Reich,-1337,-1336,-1336,,
"London, Petrie Museum of Egyptian Archaeology, 32557",5000347,https://aku-pal.uni-mainz.de/texts/5000347,1,nicht spezifiziert,nicht spezifiziert,"Neues Reich, 18. Dynastie",Neues Reich,-1550,-1295,-1422,,
"London, Petrie Museum of Egyptian Archaeology, 32229",5000334,https://aku-pal.uni-mainz.de/texts/5000334,1,nicht spezifiziert,nicht spezifiziert,"Neues Reich, 18. Dynastie, Tutanchamun, Regierungsjahr 2",Neues Reich,-1335,-1334,-1334,,
"London, Petrie Museum of Egyptian Archaeology, 46303",5000344,https://aku-pal.uni-mainz.de/texts/5000344,1,nicht spezifiziert,nicht spezifiziert,"Neues Reich, 18. Dynastie",Neues Reich,-1550,-1295,-1422,,
"London, Petrie Museum of Egyptian Archaeology, 46298",5000341,https://aku-pal.uni-mainz.de/texts/5000341,1,nicht spezifiziert,nicht spezifiziert,"Neues Reich, 18. Dynastie, Amenhotep IV./Echnaton, Regierungsjahr 12",Neues Reich,-1341,-1340,-1340,,
D. Medum 17,5000203,https://aku-pal.uni-mainz.de/texts/5000203,1,Besuchertext,Besuchertext,"Neues Reich, 18. Dynastie, Amenhotep III., Regierungsjahr 30",Neues Reich,-1361,-1360,-1360,,
"Berlin, Ägyptisches Museum und Papyrussammlung, P. 10069",5000394,https://aku-pal.uni-mainz.de/texts/5000394,1,Administrativer Text,Administrativer Text,"Mittleres Reich, 12. Dynastie, Amenemhet III., Regierungsjahr 3, Monat 3, Jahreszeit pr.t",Mittleres Reich,-1829,-1828,-1828,,
"London, British Museum, EA 10060",380901,https://aku-pal.uni-mainz.de/texts/380901,1,Erzählung,Erzählung (The Capture of Joppa),"Neues Reich, 18. Dynastie",Neues Reich,-1550,-1295,-1422,,
Tally Stone of mꜣꜤ.t-kꜣ-rꜤ 1,5000406,https://aku-pal.uni-mainz.de/texts/5000406,1,nicht spezifiziert,nicht spezifiziert,"Neues Reich, 18. Dynastie, Hatschepsut",Neues Reich,-1473,-1458,-1466,,
Tally Stone of mꜣꜤ.t-kꜣ-rꜤ 2,5000407,https://aku-pal.uni-mainz.de/texts/5000407,1,nicht spezifiziert,nicht spezifiziert,"Neues Reich, 18. Dynastie, Hatschepsut",Neues Reich,-1473,-1458,-1466,,
"Leiden, Rijksmuseum van Oudheden, AMS 26 b vo",5000420,https://aku-pal.uni-mainz.de/texts/5000420,1,Brief,Brief (an einen Lebenden) (Brief des Keny-Imen an Hui),"Neues Reich, 19. Dynastie, Ramses II.",Neues Reich,-1279,-1213,-1246,,
"Leiden, Rijksmuseum van Oudheden, AMS 54 ro",5000255,https://aku-pal.uni-mainz.de/texts/5000255,1,Hymnus im Götterkult,Hymnus im Götterkult,"Neues Reich, 19. Dynastie, Ramses II., Regierungsjahr 52",Neues Reich,-1228,-1227,-1228,,
"Paris, Musée du Louvre, E 21324",134311,https://aku-pal.uni-mainz.de/texts/134311,1,Totenbuch,Totenbuch,"Neues Reich, 18. Dynastie, Thutmosis III.",Neues Reich,-1479,-1425,-1452,,
P. Strasbourg Eg,5001222,https://aku-pal.uni-mainz.de/texts/5001222,1,nicht spezifiziert,nicht spezifiziert,"Altes Reich, 6. Dynastie",Altes Reich,-2345,-2181,-2263,,
P. Strasbourg Eq,5001223,https://aku-pal.uni-mainz.de/texts/5001223,1,nicht spezifiziert,nicht spezifiziert,"Altes Reich, 6. Dynastie",Altes Reich,-2345,-2181,-2263,,
P. Strasbourg Ed,5001224,https://aku-pal.uni-mainz.de/texts/5001224,1,nicht spezifiziert,nicht spezifiziert,"Altes Reich, 6. Dynastie",Altes Reich,-2345,-2181,-2263,,
"London, Petrie Museum of Egyptian Archaeology, 32265",5000476,https://aku-pal.uni-mainz.de/texts/5000476,1,nicht spezifiziert,nicht spezifiziert (The house of Neith),"Neues Reich, 18. Dynastie",Neues Reich,-1550,-1295,-1422,,
"Paris, Bibliothèque Nationale de France, Egyptien 207",5000444,https://aku-pal.uni-mainz.de/texts/5000444,1,Haushaltsliste,Haushaltsliste,"Neues Reich, 19. Dynastie, Sethos I., Regierungsjahr 2",Neues Reich,-1293,-1292,-1292,,
"Paris, Bibliothèque Nationale de France, 196 II",139309,https://aku-pal.uni-mainz.de/texts/139309,1,Brief,Brief (an einen Lebenden),"Neues Reich, 20. Dynastie, Ramses XI., Regierungsjahr 10",Neues Reich,-1090,-1089,-1090,,
"Kairo, Ägyptisches Museum, CG 61020 [docket A]",5000478,https://aku-pal.uni-mainz.de/texts/5000478,1,nicht spezifiziert,nicht spezifiziert (docket A),"Dritte Zwischenzeit, 21. Dynastie, Siamun, Regierungsjahr 10",Dritte Zwischenzeit,-969,-968,-968,,
Hieratischer Wiederbestattungsvermerk auf Leichenband der Mumie des Prinzen Zꜣ-Jmn,5000479,https://aku-pal.uni-mainz.de/texts/5000479,1,nicht spezifiziert,nicht spezifiziert,"Dritte Zwischenzeit, 21. Dynastie, Pinudjem I. (HPA), Regierungsjahr 8, Monat 3, Jahreszeit pr.t, Tag 29",Dritte Zwischenzeit,-1069,-945,-1007,,
Hieratischer Wiederbestattungsvermerk auf Leichenhülle der Prinzessin Zꜣt-Kꜣ-msjw,5000480,https://aku-pal.uni-mainz.de/texts/5000480,1,nicht spezifiziert,nicht spezifiziert,"Dritte Zwischenzeit, 21. Dynastie, Pinudjem I. (HPA), Regierungsjahr 7, Monat 4, Jahreszeit ꜣḫ.t, Tag 8",Dritte Zwischenzeit,-1069,-945,-1007,,
"Kairo, Ägyptisches Museum, CG 61019 [docket A]",5000296,https://aku-pal.uni-mainz.de/texts/5000296,1,Nicht spezifizierter Königlicher Text,Nicht spezifizierter Königlicher Text (docket A),"Dritte Zwischenzeit, 21. Dynastie, Siamun, Regierungsjahr 10, Monat 4, Jahreszeit pr.t, Tag 17",Dritte Zwischenzeit,-969,-968,-968,,
Hieratischer Wiederbestattungsvermerk auf äußerer Hülle der Mumie Thutmosis’ II.,5000482,https://aku-pal.uni-mainz.de/texts/5000482,1,nicht spezifiziert,nicht spezifiziert,"Dritte Zwischenzeit, 21. Dynastie, Pinudjem I. (HPA), Regierungsjahr 6, Monat 3, Jahreszeit pr.t, Tag 7",Dritte Zwischenzeit,-1069,-945,-1007,,
"Kairo, Ägyptisches Museum, CG 61018",5000535,https://aku-pal.uni-mainz.de/texts/5000535,1,nicht spezifiziert,nicht spezifiziert (docket A),"Dritte Zwischenzeit, 21. Dynastie, Siamun, Regierungsjahr 10, Monat 4, Jahreszeit pr.t, Tag 17",Dritte Zwischenzeit,-969,-968,-968,,
"Berlin, Ägyptisches Museum und Papyrussammlung, P. 10499 ro",5000740,https://aku-pal.uni-mainz.de/texts/5000740,1,Erzählung,Erzählung,"Mittleres Reich, 12. Dynastie",Mittleres Reich,-1985,-1773,-1879,,
D. Hatnub 52,5000541,https://aku-pal.uni-mainz.de/texts/5000541,1,Biographischer Text,Biographischer Text,"Zweite Zwischenzeit, 17. Dynastie",Zweite Zwischenzeit,-1580,-1550,-1565,,
D. Hatnub 2,5000472,https://aku-pal.uni-mainz.de/texts/5000472,1,Nichtköniglicher Historischer Text,Nichtköniglicher Historischer Text,"Altes Reich, 6. Dynastie, Teti",Altes Reich,-2345,-2323,-2334,,
"Berlin, Ägyptisches Museum und Papyrussammlung, P. 10050",5000536,https://aku-pal.uni-mainz.de/texts/5000536,1,Administrativer Text,Administrativer Text,"Mittleres Reich, 12. Dynastie, Sesostris III., Regierungsjahr 6",Mittleres Reich,-1865,-1864,-1864,,
D. Hatnub 33,5000496,https://aku-pal.uni-mainz.de/texts/5000496,1,nicht spezifiziert,nicht spezifiziert,Erste Zwischenzeit,Erste Zwischenzeit,-2160,-2055,-2108,,
"Turin, Museo Egizio, CGT 53001",134605,https://aku-pal.uni-mainz.de/texts/134605,1,Totenbuch,Totenbuch,"Dritte Zwischenzeit, 21. Dynastie",Dritte Zwischenzeit,-1069,-945,-1007,,
"Turin, Museo Egizio, CGT 53007",134741,https://aku-pal.uni-mainz.de/texts/134741,1,Totenbuch,Totenbuch,"Dritte Zwischenzeit, 21. Dynastie",Dritte Zwischenzeit,-1069,-945,-1007,,
"Turin, Museo Egizio, S. 17507/4",5000379,https://aku-pal.uni-mainz.de/texts/5000379,1,Administrativer Text,Administrativer Text,"Altes Reich, 4. Dynastie",Altes Reich,-2613,-2494,-2554,,
"Turin, Museo Egizio, CGT 57025",138916,https://aku-pal.uni-mainz.de/texts/138916,1,Administrativer Text,Administrativer Text (disputed),"Neues Reich, 20. Dynastie, Ramses III., Regierungsjahr 26, Monat 2, Jahreszeit ꜣḫ.t, Tag 1 – Neues Reich, 20. Dynastie, Ramses III., Regierungsjahr 26, Jahreszeit pr.t, Tag 6",Neues Reich,-1159,-1158,-1158,,
P. Strasbourg F,5001218,https://aku-pal.uni-mainz.de/texts/5001218,1,nicht spezifiziert,nicht spezifiziert,"Altes Reich, 6. Dynastie",Altes Reich,-2345,-2181,-2263,,
P. Strasbourg Fa,5001219,https://aku-pal.uni-mainz.de/texts/5001219,1,nicht spezifiziert,nicht spezifiziert,"Altes Reich, 6. Dynastie",Altes Reich,-2345,-2181,-2263,,
P. Strasbourg Er,5001225,https://aku-pal.uni-mainz.de/texts/5001225,1,nicht spezifiziert,nicht spezifiziert,"Altes Reich, 6. Dynastie",Altes Reich,-2345,-2181,-2263,,
P. Strasbourg Bg,5000668,https://aku-pal.uni-mainz.de/texts/5000668,1,nicht spezifiziert,nicht spezifiziert,"Altes Reich, 6. Dynastie",Altes Reich,-2345,-2181,-2263,,
P. Strasbourg Eu,5001226,https://aku-pal.uni-mainz.de/texts/5001226,1,nicht spezifiziert,nicht spezifiziert,"Altes Reich, 6. Dynastie",Altes Reich,-2345,-2181,-2263,,
P. Strasbourg Dg,5001221,https://aku-pal.uni-mainz.de/texts/5001221,1,nicht spezifiziert,nicht spezifiziert,"Altes Reich, 6. Dynastie",Altes Reich,-2345,-2181,-2263,,
P. Strasbourg Cf,5000651,https://aku-pal.uni-mainz.de/texts/5000651,1,nicht spezifiziert,nicht spezifiziert,"Altes Reich, 6. Dynastie",Altes Reich,-2345,-2181,-2263,,
Strasbourg Ff,5000584,https://aku-pal.uni-mainz.de/texts/5000584,1,nicht spezifiziert,nicht spezifiziert,"Altes Reich, 6. Dynastie",Altes Reich,-2345,-2181,-2263,,
Strasbourg I,5000586,https://aku-pal.uni-mainz.de/texts/5000586,1,nicht spezifiziert,nicht spezifiziert,"Altes Reich, 6. Dynastie",Altes Reich,-2345,-2181,-2263,,
P. Strasbourg Ei,5001227,https://aku-pal.uni-mainz.de/texts/5001227,1,nicht spezifiziert,nicht spezifiziert,"Altes Reich, 6. Dynastie",Altes Reich,-2345,-2181,-2263,,
P. Strasbourg Dm,5001232,https://aku-pal.uni-mainz.de/texts/5001232,1,nicht spezifiziert,nicht spezifiziert,"Altes Reich, 6. Dynastie",Altes Reich,-2345,-2181,-2263,,
P. Abusir Kairo Fragm. f,5000589,https://aku-pal.uni-mainz.de/texts/5000589,1,Administrativer Text,Administrativer Text,"Altes Reich, 5. Dynastie, Djedkare",Altes Reich,-2414,-2375,-2394,,
P. Abusir Berlin 7/F,5000594,https://aku-pal.uni-mainz.de/texts/5000594,1,Administrativer Text,Administrativer Text,"Altes Reich, 5. Dynastie, Djedkare",Altes Reich,-2414,-2375,-2394,,
P. Abusir Kairo Fragm. δ,5000590,https://aku-pal.uni-mainz.de/texts/5000590,1,Administrativer Text,Administrativer Text,"Altes Reich, 5. Dynastie, Djedkare",Altes Reich,-2414,-2375,-2394,,
"Berlin, Ägyptisches Museum und Papyrussammlung, P. 9907",5000591,https://aku-pal.uni-mainz.de/texts/5000591,1,nicht spezifiziert,nicht spezifiziert,"Altes Reich, 5. Dynastie, Djedkare",Altes Reich,-2414,-2375,-2394,,
P. Abusir Kairo Fragm. n,5000595,https://aku-pal.uni-mainz.de/texts/5000595,1,Administrativer Text,Administrativer Text,"Altes Reich, 5. Dynastie, Djedkare",Altes Reich,-2414,-2375,-2394,,
"Kairo, Ägyptisches Museum, JE 58064",5000549,https://aku-pal.uni-mainz.de/texts/5000549,1,nicht spezifiziert,nicht spezifiziert,Altes Reich,Altes Reich,-2686,-2160,-2423,,
P. Abusir Kairo Fragm. ψ,5000597,https://aku-pal.uni-mainz.de/texts/5000597,1,Administrativer Text,Administrativer Text,"Altes Reich, 5. Dynastie, Djedkare",Altes Reich,-2414,-2375,-2394,,
TT 319,5000550,https://aku-pal.uni-mainz.de/texts/5000550,1,Pyramidentexte,Pyramidentexte,"Mittleres Reich, 11. Dynastie (nach der Reichseinigung), Mentuhotep II. (Gesamtzeitraum) – Mittleres Reich, 11. Dynastie (nach der Reichseinigung), Mentuhotep IV.",Mittleres Reich,-2055,-1985,-2020,,
D. Assiut N13.1 TW4,5000555,https://aku-pal.uni-mainz.de/texts/5000555,1,Besuchertext,Besuchertext (Scribe Nebnefer),"Neues Reich, 18. Dynastie",Neues Reich,-1550,-1295,-1422,,
"London, British Museum, EA 10762",380891,https://aku-pal.uni-mainz.de/texts/380891,1,nicht spezifiziert,nicht spezifiziert,"Mittleres Reich, 11. Dynastie (nach der Reichseinigung) – Zweite Zwischenzeit, 13. Dynastie",Mittleres Reich,-2055,-1650,-1852,,
"London, British Museum, EA 50727",5000573,https://aku-pal.uni-mainz.de/texts/5000573,1,Literarischer Text,Literarischer Text (Unknown),"Neues Reich, 20. Dynastie",Neues Reich,-1186,-1069,-1128,,
D. Assiut N13.1 TW28,5000566,https://aku-pal.uni-mainz.de/texts/5000566,1,Hymnus im Götterkult,Hymnus im Götterkult (Praise to Hapi),"Neues Reich, 18. Dynastie",Neues Reich,-1550,-1295,-1422,,
P. Abusir Kairo Fragm. [?],5000612,https://aku-pal.uni-mainz.de/texts/5000612,1,Administrativer Text,Administrativer Text,"Altes Reich, 5. Dynastie, Djedkare",Altes Reich,-2414,-2375,-2394,,
"Kairo, Ägyptisches Museum, JE 602",5000598,https://aku-pal.uni-mainz.de/texts/5000598,1,nicht spezifiziert,nicht spezifiziert,"Altes Reich, 5. Dynastie, Djedkare",Altes Reich,-2414,-2375,-2394,,
P. Abusir Kairo Fragm. v,5000599,https://aku-pal.uni-mainz.de/texts/5000599,1,Administrativer Text,Administrativer Text,"Altes Reich, 5. Dynastie, Djedkare",Altes Reich,-2414,-2375,-2394,,
P. Abusir Kairo Fragm. η,5000600,https://aku-pal.uni-mainz.de/texts/5000600,1,Administrativer Text,Administrativer Text,"Altes Reich, 5. Dynastie, Djedkare",Altes Reich,-2414,-2375,-2394,,
P. Abusir Kairo Fragm. k,5000601,https://aku-pal.uni-mainz.de/texts/5000601,1,Administrativer Text,Administrativer Text,"Altes Reich, 5. Dynastie, Djedkare",Altes Reich,-2414,-2375,-2394,,
P. Strasbourg Et,5001228,https://aku-pal.uni-mainz.de/texts/5001228,1,nicht spezifiziert,nicht spezifiziert,"Altes Reich, 6. Dynastie",Altes Reich,-2345,-2181,-2263,,
P. Strasbourg Eo,5001229,https://aku-pal.uni-mainz.de/texts/5001229,1,nicht spezifiziert,nicht spezifiziert,"Altes Reich, 6. Dynastie",Altes Reich,-2345,-2181,-2263,,
P. Strasbourg Dv,5001233,https://aku-pal.uni-mainz.de/texts/5001233,1,nicht spezifiziert,nicht spezifiziert,"Altes Reich, 6. Dynastie",Altes Reich,-2345,-2181,-2263,,
P. Strasbourg Ek,5001230,https://aku-pal.uni-mainz.de/texts/5001230,1,nicht spezifiziert,nicht spezifiziert,"Altes Reich, 6. Dynastie",Altes Reich,-2345,-2181,-2263,,
D. Hatnub 9,5000602,https://aku-pal.uni-mainz.de/texts/5000602,1,nicht spezifiziert,nicht spezifiziert,"Erste Zwischenzeit, 9./10. Dynastie, Iha (Nomarch)",Erste Zwischenzeit,-2160,-2025,-2092,,
"Kairo, Ägyptisches Museum, CG 28088",5000138,https://aku-pal.uni-mainz.de/texts/5000138,1,Pyramidentexte,Pyramidentexte,"Mittleres Reich, 12. Dynastie, Sesostris II. – Mittleres Reich, 12. Dynastie, Sesostris III.",Mittleres Reich,-1877,-1831,-1854,,
D. Hatnub 10,5000608,https://aku-pal.uni-mainz.de/texts/5000608,1,nicht spezifiziert,nicht spezifiziert,"Erste Zwischenzeit, 9./10. Dynastie, Ahanacht (Nomarch), Regierungsjahr 20",Erste Zwischenzeit,-2160,-1650,-1905,,
D. Hatnub 21,5000609,https://aku-pal.uni-mainz.de/texts/5000609,1,nicht spezifiziert,nicht spezifiziert,"Erste Zwischenzeit, 9./10. Dynastie, Nehri I. (Nomarch), Regierungsjahr 6",Erste Zwischenzeit,-2160,-2025,-2092,,
"Berlin, Ägyptisches Museum und Papyrussammlung, ÄM 14000",5000610,https://aku-pal.uni-mainz.de/texts/5000610,1,nicht spezifiziert,nicht spezifiziert,"Neues Reich, 18. Dynastie, Amenhotep IV./Echnaton",Neues Reich,-1352,-1336,-1344,,
"Turin, Museo Egizio, Cat. 1975",139464,https://aku-pal.uni-mainz.de/texts/139464,1,nicht spezifiziert,nicht spezifiziert,"Neues Reich, 20. Dynastie, Ramses XI., Regierungsjahr 10",Neues Reich,-1090,-1089,-1090,,
Hieratischer Vermerk auf Leichentuch der Mumie Sethos’ I.,5000621,https://aku-pal.uni-mainz.de/texts/5000621,1,nicht spezifiziert,nicht spezifiziert,"Dritte Zwischenzeit, 21. Dynastie, Mencheperre (HPA), Regierungsjahr 7, Monat 2, Jahreszeit pr.t, Tag 16",Dritte Zwischenzeit,-1069,-945,-1007,,
"Kairo, Ägyptisches Museum, CG 61020 [docket Herihor]",5000624,https://aku-pal.uni-mainz.de/texts/5000624,1,nicht spezifiziert,nicht spezifiziert (docket Herihor (palimpsest)),"Dritte Zwischenzeit, 21. Dynastie, Herihor (HPA), Regierungsjahr 6, Monat 3, Jahreszeit pr.t, Tag 5",Dritte Zwischenzeit,-1069,-945,-1007,,
"London, British Museum, EA 30842",5000142,https://aku-pal.uni-mainz.de/texts/5000142,1,Sargtexte,Sargtexte,"Mittleres Reich, 12. Dynastie, Sesostris II. – Mittleres Reich, 12. Dynastie, Sesostris III.",Mittleres Reich,-1877,-1831,-1854,,
"Gizeh, Grand Egyptian Museum, 3215",5000646,https://aku-pal.uni-mainz.de/texts/5000646,1,nicht spezifiziert,nicht spezifiziert,"Altes Reich, 5. Dynastie",Altes Reich,-2494,-2345,-2420,,
"Brooklyn (NY), The Brooklyn Museum, 37.1507E Kairo, Ägyptisches Museum, CG 28023",5000213,https://aku-pal.uni-mainz.de/texts/5000213,1,Sargtexte,Sargtexte,"Mittleres Reich, 11. Dynastie (nach der Reichseinigung), Mentuhotep II. (Gesamtzeitraum) – Mittleres Reich, 11. Dynastie (nach der Reichseinigung), Mentuhotep IV.",Mittleres Reich,-2055,-1985,-2020,,
"Turin, Museo Egizio, CGT 57080",138957,https://aku-pal.uni-mainz.de/texts/138957,1,Administrativer Text,Administrativer Text (Deliveries and/or deficits of products (wood)),"Neues Reich, 19. Dynastie, Ramses II.",Neues Reich,-1279,-1213,-1246,,
D. Assiut N13.1 TN7,5000507,https://aku-pal.uni-mainz.de/texts/5000507,1,Kolophon,Kolophon ((?)),"Neues Reich, 18. Dynastie",Neues Reich,-1550,-1295,-1422,,
"Kairo, Ägyptisches Museum, CG 28083",5000137,https://aku-pal.uni-mainz.de/texts/5000137,1,Sargtexte,Sargtexte,"Mittleres Reich, 12. Dynastie, Sesostris II. – Mittleres Reich, 12. Dynastie, Sesostris III.",Mittleres Reich,-1877,-1831,-1854,,
D. Assiut N13.1 TS33,5000716,https://aku-pal.uni-mainz.de/texts/5000716,1,Königsname und Titel,Königsname und Titel (Part of Royal name and titles),"Neues Reich, 19. Dynastie – Neues Reich, 20. Dynastie",Neues Reich,-1295,-1069,-1182,,
D. Assiut N13.1 TW31,5000728,https://aku-pal.uni-mainz.de/texts/5000728,1,Fürbitte,Fürbitte,"Neues Reich, 19. Dynastie – Neues Reich, 20. Dynastie",Neues Reich,-1295,-1069,-1182,,
D. Assiut N13.1 TS9,5000713,https://aku-pal.uni-mainz.de/texts/5000713,1,Fürbitte,Fürbitte,"Neues Reich, 19. Dynastie – Neues Reich, 20. Dynastie",Neues Reich,-1295,-1069,-1182,,
D. Assiut N13.1 TS2,5000661,https://aku-pal.uni-mainz.de/texts/5000661,1,Lehre,Lehre (beginning),"Neues Reich, 18. Dynastie",Neues Reich,-1550,-1295,-1422,,
"London, British Museum, EA 10045 + EA 10322 Manchester, John Rylands Library, Hieratic papyrus 4 Oxford, Bodleian Library, MS. Egypt. a. 1 (P) + MS. Egypt. b. 2 (P) Wien, Kunsthistorisches Museum, ÄOS 3856 + ÄOS 3857 + ÄOS 3858 + ÄOS 3862 + ÄOS 3864 + ÄOS 3866 + ÄOS 3867 + ÄOS 3868 + ÄOS 3869 Zagreb, Archäologisches Museum in Zagreb, 886",56958,https://aku-pal.uni-mainz.de/texts/56958,1,Totenbuch,Totenbuch,"Griechisch-römische Zeit, Ptolemäerzeit, Ptolemaios II. Philadelphos, Regierungsjahr 37, Tag 27, Thoth",Griechisch-römische Zeit,-249,-248,-248,,
"Kairo, Institut français d’archéologie orientale, 223",137102,https://aku-pal.uni-mainz.de/texts/137102,1,Administrativer Text,Administrativer Text (Deliveries and/or deficits; Duty roster; Events),"Neues Reich, 20. Dynastie, Ramses III., Regierungsjahr 26, Monat 3, Jahreszeit ꜣḫ.t, Tag 14 – Neues Reich, 20. Dynastie, Ramses III., Regierungsjahr 27, Monat 3, Jahreszeit ꜣḫ.t, Tag 30",Neues Reich,-1159,-1157,-1158,,
"Kairo, Institut français d’archéologie orientale, DeM 10339 verso",5000708,https://aku-pal.uni-mainz.de/texts/5000708,1,Administrativer Text,Administrativer Text (Deliveries and/or deficits of products: grain),"Neues Reich, 20. Dynastie",Neues Reich,-1186,-1069,-1128,,
"London, Petrie Museum of Egyptian Archaeology, Amarna Inschrift 72",5000572,https://aku-pal.uni-mainz.de/texts/5000572,1,Administrativer Text,Administrativer Text,"Neues Reich, 18. Dynastie",Neues Reich,-1550,-1295,-1422,,
"London, British Museum, EA 50721",5000750,https://aku-pal.uni-mainz.de/texts/5000750,1,Literarischer Text,Literarischer Text,"Neues Reich, 19. Dynastie",Neues Reich,-1295,-1186,-1240,,
"Boston (MA), Museum of Fine Arts, 21.964 + 21.965",5000132,https://aku-pal.uni-mainz.de/texts/5000132,1,Sargtexte,Sargtexte,"Mittleres Reich, 11. Dynastie (nach der Reichseinigung), Mentuhotep IV. – Mittleres Reich, 12. Dynastie, Amenemhet I.",Mittleres Reich,-1992,-1956,-1974,,
"Berlin, Ägyptisches Museum und Papyrussammlung, P. 10497",139302,https://aku-pal.uni-mainz.de/texts/139302,1,Brief,Brief (an einen Lebenden),"Neues Reich, 20. Dynastie",Neues Reich,-1186,-1069,-1128,,
"Kairo, Ägyptisches Museum, CG 25209",5000919,https://aku-pal.uni-mainz.de/texts/5000919,1,nicht spezifiziert,nicht spezifiziert,Neues Reich,Neues Reich,-1550,-1069,-1310,,
"Kairo, Ägyptisches Museum, CG 58035",5000920,https://aku-pal.uni-mainz.de/texts/5000920,1,nicht spezifiziert,nicht spezifiziert,"Dritte Zwischenzeit, 21. Dynastie – Dritte Zwischenzeit, 22.–23. Dynastie",Dritte Zwischenzeit,-1069,-715,-892,,
"Kairo, Ägyptisches Museum, CG 25206",5000923,https://aku-pal.uni-mainz.de/texts/5000923,1,nicht spezifiziert,nicht spezifiziert,Neues Reich,Neues Reich,-1550,-1069,-1310,,
"Kairo, Ägyptisches Museum, CG 58041 A-B",5000076,https://aku-pal.uni-mainz.de/texts/5000076,1,nicht spezifiziert,nicht spezifiziert,"Neues Reich, 19. Dynastie – Neues Reich, 20. Dynastie",Neues Reich,-1295,-1069,-1182,,
D. Hatnub 1,5000471,https://aku-pal.uni-mainz.de/texts/5000471,1,nicht spezifiziert,nicht spezifiziert,"Altes Reich, 6. Dynastie, Teti",Altes Reich,-2345,-2323,-2334,,
"London, Petrie Museum of Egyptian Archaeology, UC 32209",5000926,https://aku-pal.uni-mainz.de/texts/5000926,1,Brief,Brief (an einen Lebenden),"Mittleres Reich, 12. Dynastie – Zweite Zwischenzeit, 13. Dynastie",Mittleres Reich,-1985,-1650,-1818,,
"London, Petrie Museum of Egyptian Archaeology, UC 32178",5000927,https://aku-pal.uni-mainz.de/texts/5000927,1,nicht spezifiziert,nicht spezifiziert,"Mittleres Reich, 12. Dynastie",Mittleres Reich,-1985,-1773,-1879,,
"Kairo, Ägyptisches Museum, CG 28027",5000935,https://aku-pal.uni-mainz.de/texts/5000935,1,Sargtexte,Sargtexte,"Mittleres Reich, 11. Dynastie (nach der Reichseinigung)",Mittleres Reich,-2055,-1985,-2020,,
"Paris, Musée du Louvre, E 15594",56861,https://aku-pal.uni-mainz.de/texts/56861,1,Sargtexte,Sargtexte,Mittleres Reich,Mittleres Reich,-2055,-1650,-1852,,
"New York City, Metropolitan Museum of Art, 22.3.525",5000944,https://aku-pal.uni-mainz.de/texts/5000944,1,Rechnung,Rechnung,"Mittleres Reich, 12. Dynastie, Amenemhet I.",Mittleres Reich,-1985,-1956,-1970,,
"London, British Museum, EA 10757",380844,https://aku-pal.uni-mainz.de/texts/380844,1,Medizinischer Text,Medizinischer Text,"Mittleres Reich, 12. Dynastie, Amenemhet III. – Zweite Zwischenzeit, 13. Dynastie",Mittleres Reich,-1831,-1650,-1740,,
P. Illahun Tp Gr.,5000947,https://aku-pal.uni-mainz.de/texts/5000947,1,Inventarliste,Inventarliste,"Mittleres Reich, 12. Dynastie",Mittleres Reich,-1985,-1773,-1879,,
"Giza IV, pl. 10",5000953,https://aku-pal.uni-mainz.de/texts/5000953,1,nicht spezifiziert,nicht spezifiziert,"Altes Reich, 6. Dynastie",Altes Reich,-2345,-2181,-2263,,
"Kairo, Ägyptisches Museum, CG 91061",5001090,https://aku-pal.uni-mainz.de/texts/5001090,1,Brief,Brief (an einen Lebenden),"Mittleres Reich, 11. Dynastie (nach der Reichseinigung)",Mittleres Reich,-2055,-1985,-2020,,
"London, British Museum, EA 9905",134287,https://aku-pal.uni-mainz.de/texts/134287,1,Totenbuch,Totenbuch,"Neues Reich, 18. Dynastie, Thutmosis III. – Neues Reich, 18. Dynastie, Amenhotep II.",Neues Reich,-1479,-1400,-1440,,
"Berlin, Ägyptisches Museum und Papyrussammlung, P. 10011",5001126,https://aku-pal.uni-mainz.de/texts/5001126,1,nicht spezifiziert,nicht spezifiziert,"Mittleres Reich, 12. Dynastie",Mittleres Reich,-1985,-1773,-1879,,
"Oxford, Ashmolean Museum, ANAsh.Mus.H.O.934",5001154,https://aku-pal.uni-mainz.de/texts/5001154,1,Kemit,Kemit,"Neues Reich, 19. Dynastie – Neues Reich, 20. Dynastie",Neues Reich,-1295,-1069,-1182,,
D. Hatnub 38,5001171,https://aku-pal.uni-mainz.de/texts/5001171,1,nicht spezifiziert,nicht spezifiziert,"Erste Zwischenzeit, 9./10. Dynastie – Mittleres Reich",Erste Zwischenzeit,-2160,-1650,-1905,,
"Florenz, Museo Egizio, 3660 A",134278,https://aku-pal.uni-mainz.de/texts/134278,1,Totenbuch,Totenbuch,"Neues Reich, 18. Dynastie, Hatschepsut – Neues Reich, 18. Dynastie, Thutmosis III.",Neues Reich,-1473,-1425,-1449,,
"Chicago, Institute for the Study of Ancient Cultures Museum, 5739",57161,https://aku-pal.uni-mainz.de/texts/57161,1,Totenbuch,Totenbuch,"Spätzeit, 26. Dynastie",Spätzeit,-664,-525,-594,,
P. Berl. Brief Ḳmꜣ,5001201,https://aku-pal.uni-mainz.de/texts/5001201,1,Brief,Brief (an einen Lebenden),Mittleres Reich,Mittleres Reich,-2055,-1650,-1852,,
P. Berl. Brief Td,5001202,https://aku-pal.uni-mainz.de/texts/5001202,1,Brief,Brief (an einen Lebenden),Mittleres Reich,Mittleres Reich,-2055,-1650,-1852,,
P. Berl. M p a,5001203,https://aku-pal.uni-mainz.de/texts/5001203,1,nicht spezifiziert,nicht spezifiziert,Mittleres Reich,Mittleres Reich,-2055,-1650,-1852,,
P. Berl. M,5001204,https://aku-pal.uni-mainz.de/texts/5001204,1,nicht spezifiziert,nicht spezifiziert,Mittleres Reich,Mittleres Reich,-2055,-1650,-1852,,
"Berlin, Ägyptisches Museum und Papyrussammlung, P. 10015",5001207,https://aku-pal.uni-mainz.de/texts/5001207,1,nicht spezifiziert,nicht spezifiziert,Mittleres Reich,Mittleres Reich,-2055,-1650,-1852,,
Beit Khallaf K3.9,5001216,https://aku-pal.uni-mainz.de/texts/5001216,1,nicht spezifiziert,nicht spezifiziert,"Altes Reich, 3. Dynastie, Djoser (Netjerichet) – Altes Reich, 3. Dynastie, Nebka (Sanacht)",Altes Reich,-2667,-2667,-2667,,
Beit Khallaf K3.10,5001275,https://aku-pal.uni-mainz.de/texts/5001275,1,nicht spezifiziert,nicht spezifiziert,"Altes Reich, 3. Dynastie, Djoser (Netjerichet) – Altes Reich, 3. Dynastie, Nebka (Sanacht)",Altes Reich,-2667,-2667,-2667,,
Beit Khallaf K3.14,5001276,https://aku-pal.uni-mainz.de/texts/5001276,1,nicht spezifiziert,nicht spezifiziert,"Altes Reich, 3. Dynastie, Djoser (Netjerichet) – Altes Reich, 3. Dynastie, Nebka (Sanacht)",Altes Reich,-2667,-2667,-2667,,
"London, Petrie Museum of Egyptian Archaeology, 32191",5001235,https://aku-pal.uni-mainz.de/texts/5001235,1,nicht spezifiziert,nicht spezifiziert,"Mittleres Reich, 12. Dynastie",Mittleres Reich,-1985,-1773,-1879,,
"Berlin, Ägyptisches Museum und Papyrussammlung, P. 10006",5001237,https://aku-pal.uni-mainz.de/texts/5001237,1,nicht spezifiziert,nicht spezifiziert,"Mittleres Reich, 12. Dynastie",Mittleres Reich,-1985,-1773,-1879,,
"P. Illahun, Tempeltagebuch Jahr 6",5001241,https://aku-pal.uni-mainz.de/texts/5001241,1,nicht spezifiziert,nicht spezifiziert,Mittleres Reich,Mittleres Reich,-2055,-1650,-1852,,
"London, Petrie Museum of Egyptian Archaeology, UC 32055",5001243,https://aku-pal.uni-mainz.de/texts/5001243,1,nicht spezifiziert,nicht spezifiziert,Mittleres Reich,Mittleres Reich,-2055,-1650,-1852,,
"Princeton (NJ), University Library, Pharaonic Roll 5",134836,https://aku-pal.uni-mainz.de/texts/134836,1,Totenbuch,Totenbuch,"Neues Reich, 18. Dynastie",Neues Reich,-1550,-1295,-1422,,
"Berkeley (CA), University of California - Bancroft Library, P. Hearst 02",5000039,https://aku-pal.uni-mainz.de/texts/5000039,1,Administrativer Text,Administrativer Text,"Mittleres Reich, 12. Dynastie, Sesostris I.",Mittleres Reich,-1956,-1911,-1934,,
"Spiegelberg, Hieratic ostraca and papyri pl. 42",5001247,https://aku-pal.uni-mainz.de/texts/5001247,1,Literarischer Text,Literarischer Text,"Neues Reich, 19. Dynastie – Neues Reich, 20. Dynastie",Neues Reich,-1295,-1069,-1182,,
"London, British Museum, EA 10208",57792,https://aku-pal.uni-mainz.de/texts/57792,1,nicht spezifiziert,nicht spezifiziert,"Griechisch-römische Zeit, Argeaden („Makedonierzeit“), Alexander IV. – Griechisch-römische Zeit, Ptolemäerzeit, Ptolemaios I. Soter I.",Griechisch-römische Zeit,-317,-285,-301,,
"Berlin, Ägyptisches Museum und Papyrussammlung, 22573",5000123,https://aku-pal.uni-mainz.de/texts/5000123,1,Totenbrief,Totenbrief,"Erste Zwischenzeit, 9./10. Dynastie",Erste Zwischenzeit,-2160,-2025,-2092,,
P. Berlin Festliste,5001248,https://aku-pal.uni-mainz.de/texts/5001248,1,Administrativer Text,Administrativer Text,Mittleres Reich,Mittleres Reich,-2055,-1650,-1852,,
"London, British Museum, EA 10472",134517,https://aku-pal.uni-mainz.de/texts/134517,1,Totenbuch,Totenbuch,"Neues Reich, 20. Dynastie, Ramses IV.",Neues Reich,-1153,-1147,-1150,,
"London, British Museum, EA 10685",381088,https://aku-pal.uni-mainz.de/texts/381088,1,Literarischer Text,Literarischer Text,"Neues Reich, 19. Dynastie, Merenptah – Neues Reich, 19. Dynastie, Sethos II.",Neues Reich,-1213,-1194,-1204,,
"New York City, Metropolitan Museum of Art, 35.9.19",134389,https://aku-pal.uni-mainz.de/texts/134389,1,Totenbuch,Totenbuch,"Neues Reich, 19. Dynastie",Neues Reich,-1295,-1186,-1240,,
"Kairo, Ägyptisches Museum, JE 66844 (4)",5000373,https://aku-pal.uni-mainz.de/texts/5000373,1,Administrativer Text,Administrativer Text,"Altes Reich, 4. Dynastie",Altes Reich,-2613,-2494,-2554,,
P. Nefer-irou,5001256,https://aku-pal.uni-mainz.de/texts/5001256,1,nicht spezifiziert,nicht spezifiziert,"Altes Reich, 4. Dynastie, Cheops",Altes Reich,-2589,-2566,-2578,,
"Kairo, Ägyptisches Museum, JdE 37564a",5000130,https://aku-pal.uni-mainz.de/texts/5000130,1,Pyramidentexte,Pyramidentexte,"Mittleres Reich, 11. Dynastie (nach der Reichseinigung), Mentuhotep II. (Gesamtzeitraum) – Mittleres Reich, 12. Dynastie, Amenemhet I.",Mittleres Reich,-2055,-1956,-2006,,
"Kairo, Ägyptisches Museum, CG 58042",5001257,https://aku-pal.uni-mainz.de/texts/5001257,1,Lehre,Lehre,"Dritte Zwischenzeit, 21. Dynastie",Dritte Zwischenzeit,-1069,-945,-1007,,
"Berlin, Ägyptisches Museum und Papyrussammlung, ÄM 45",5001258,https://aku-pal.uni-mainz.de/texts/5001258,1,Sargtexte,Sargtexte,"Mittleres Reich, 12. Dynastie",Mittleres Reich,-1985,-1773,-1879,,
"London, British Museum, EA 10688",381085,https://aku-pal.uni-mainz.de/texts/381085,1,nicht spezifiziert,nicht spezifiziert,"Neues Reich, 19. Dynastie – Neues Reich, 20. Dynastie",Neues Reich,-1295,-1069,-1182,,
"London, Petrie Museum of Egyptian Archaeology, UC 32181",5001261,https://aku-pal.uni-mainz.de/texts/5001261,1,Rechnung,Rechnung,Mittleres Reich,Mittleres Reich,-2055,-1650,-1852,,
"London, Petrie Museum of Egyptian Archaeology, UC 32185",5001262,https://aku-pal.uni-mainz.de/texts/5001262,1,Rechnung,Rechnung,Mittleres Reich,Mittleres Reich,-2055,-1650,-1852,,
"London, British Museum, EA 10037 New York City, Pierpont Morgan Library, Amh. Egy. Pap. 35",48381,https://aku-pal.uni-mainz.de/texts/48381,1,Totenbuch,Totenbuch,"Griechisch-römische Zeit, Ptolemäerzeit, Ptolemaios III. Euergetes I.",Griechisch-römische Zeit,-246,-221,-234,,
"Paris, Musée du Louvre, N 3091",56602,https://aku-pal.uni-mainz.de/texts/56602,1,Totenbuch,Totenbuch,"Spätzeit, 26. Dynastie, Amasis Chenemibre",Spätzeit,-570,-526,-548,,
"London, British Museum, EA 10819",381039,https://aku-pal.uni-mainz.de/texts/381039,1,Funerärer Ritualtext,Funerärer Ritualtext,"Neues Reich, 18. Dynastie",Neues Reich,-1550,-1295,-1422,,
"London, British Museum, EA 9969",134255,https://aku-pal.uni-mainz.de/texts/134255,1,Totenbuch,Totenbuch,"Neues Reich, 19. Dynastie – Neues Reich, 20. Dynastie",Neues Reich,-1295,-1069,-1182,,
"London, British Museum, EA 10541 München, Staatliche Sammlung Ägyptischer Kunst, ÄS 825 (destroyed in WW2) Paris, Musée du Louvre, E 6258",133525,https://aku-pal.uni-mainz.de/texts/133525,1,Totenbuch,Totenbuch,"Dritte Zwischenzeit, 21. Dynastie, Psusennes I.",Dritte Zwischenzeit,-1039,-991,-1015,,
"New York City, Metropolitan Museum of Art, 35.9.21a–o",57080,https://aku-pal.uni-mainz.de/texts/57080,1,Ritualtext im Götterkult,Ritualtext im Götterkult (Osiris liturgies),"Griechisch-römische Zeit, Argeaden („Makedonierzeit“), Alexander der Große – Griechisch-römische Zeit, Ptolemäerzeit, Ptolemaios II. Philadelphos",Griechisch-römische Zeit,-332,-246,-289,,
"London, Petrie Museum of Egyptian Archaeology, UC 32205",5001266,https://aku-pal.uni-mainz.de/texts/5001266,1,Brief,Brief (an einen Lebenden),"Mittleres Reich, 12. Dynastie",Mittleres Reich,-1985,-1773,-1879,,
"Berlin, Ägyptisches Museum und Papyrussammlung, P. 10001",5001268,https://aku-pal.uni-mainz.de/texts/5001268,1,nicht spezifiziert,nicht spezifiziert,"Mittleres Reich, 12. Dynastie",Mittleres Reich,-1985,-1773,-1879,,
"London, Petrie Museum of Egyptian Archaeology, UC 32204",5001271,https://aku-pal.uni-mainz.de/texts/5001271,1,Brief,Brief (an einen Lebenden),Mittleres Reich,Mittleres Reich,-2055,-1650,-1852,,
